period_begin,period_end,city,state,median_sale_price,median_list_price,median_ppsf,median_list_ppsf,homes_sold,pending_sales,new_listings,inventory,months_of_supply,median_dom,avg_sale_to_list,sold_above_list,off_market_in_two_weeks,population
2023-02-01,2023-02-28,Virginia Beach,Virginia,316500.0,349000.0,174.16726878612718,210.38241273468952,2.0,,1.0,1.0,0.5,18.0,0.9963676797627872,0.5,,1431821.0
2022-04-01,2022-04-30,Virginia Beach,Virginia,420000.0,345000.0,218.75,201.95052331113223,383.0,466.0,522.0,374.0,1.0,12.0,1.0358008149402185,0.6971279373368146,0.8326180257510729,1431821.0
2020-03-01,2020-03-31,Virginia Beach,Virginia,185000.0,299000.0,137.19919786096256,165.92333105491,124.0,158.0,132.0,185.0,1.5,25.0,0.9916777221193528,0.3064516129032258,0.6139240506329114,1431821.0
2020-03-01,2020-03-31,Virginia Beach,Virginia,318950.0,299000.0,164.9048920622525,165.92333105491,416.0,526.0,554.0,836.0,2.0,28.0,0.9932126097620024,0.25,0.6311787072243344,1431821.0
2021-08-01,2021-08-31,Virginia Beach,Virginia,325000.0,319000.0,184.60166468489896,184.22604422604425,941.0,1026.0,925.0,993.0,1.1,20.0,1.0144739135675176,0.5738575982996811,0.7183235867446393,1431821.0
2024-10-01,2024-10-31,Virginia Beach,Virginia,280000.0,375000.0,198.71794871794873,233.0,91.0,110.0,93.0,99.0,1.1,20.0,1.0040194809739622,0.4835164835164835,0.5181818181818181,1431821.0
2021-12-01,2021-12-31,Virginia Beach,Virginia,264450.0,324999.5,174.43575396901554,192.7971327269925,144.0,111.0,90.0,131.0,0.9,25.0,1.010115045390821,0.5138888888888888,0.5585585585585585,1431821.0
2022-02-01,2022-02-28,Virginia Beach,Virginia,325000.0,335000.0,198.4126984126984,194.1176470588235,523.0,656.0,630.0,446.0,0.9,19.0,1.018067758459781,0.5717017208413002,0.8018292682926829,1431821.0
2020-10-01,2020-10-31,Virginia Beach,Virginia,339950.0,285700.0,179.71111754860306,170.06802721088437,542.0,541.0,512.0,600.0,1.1,21.0,1.002098931879022,0.4354243542435424,0.6820702402957485,1431821.0
2021-10-01,2021-10-31,Virginia Beach,Virginia,311050.0,324900.0,186.88725490196077,189.75903614457832,825.0,869.0,761.0,868.0,1.1,22.0,1.0067866002253805,0.4836363636363636,0.6283084004602992,1431821.0
2023-09-01,2023-09-30,Virginia Beach,Virginia,419500.0,360000.0,228.94078398665553,216.90037997447504,290.0,289.0,293.0,437.0,1.5,17.0,1.0017261303381286,0.4379310344827586,0.5224913494809688,1431821.0
2024-05-01,2024-05-31,Virginia Beach,Virginia,343750.0,389999.0,222.7199331848552,230.76923076923077,150.0,157.0,151.0,196.0,1.3,24.0,1.0025985780458109,0.3733333333333333,0.6050955414012738,1431821.0
2023-11-01,2023-11-30,Virginia Beach,Virginia,365000.0,354900.0,218.94121503496504,215.3846153846154,352.0,408.0,401.0,723.0,2.1,25.0,0.9974572666368656,0.3721590909090908,0.4779411764705882,1431821.0
2020-05-01,2020-05-31,Virginia Beach,Virginia,299000.0,310440.0,161.71428571428572,167.3390557939914,635.0,888.0,800.0,1330.0,2.1,27.0,0.990343238500646,0.2503937007874015,0.5878378378378378,1431821.0
2022-01-01,2022-01-31,Virginia Beach,Virginia,360000.0,318500.0,148.14814814814815,192.98201754385968,1.0,1.0,1.0,2.0,2.0,41.0,0.96,0.0,0.0,1431821.0
2024-11-01,2024-11-30,Virginia Beach,Virginia,274000.0,390000.0,207.57575757575756,233.91812865497076,89.0,96.0,87.0,96.0,1.1,26.0,1.0021321328038697,0.449438202247191,0.6145833333333333,1431821.0
2024-02-01,2024-02-29,Virginia Beach,Virginia,318900.0,379900.0,212.87128712871288,223.07692307692307,101.0,136.0,132.0,202.0,2.0,43.0,0.998661896383258,0.3267326732673267,0.551470588235294,1431821.0
2022-03-01,2022-03-31,Virginia Beach,Virginia,229500.0,349000.0,165.7832893101305,199.33554817275748,140.0,153.0,154.0,82.0,0.5999999999999999,14.0,1.0400987203168883,0.7571428571428571,0.8758169934640522,1431821.0
2022-07-01,2022-07-31,Virginia Beach,Virginia,250000.0,335000.0,177.859477124183,202.6143790849673,160.0,173.0,154.0,117.0,0.6999999999999998,18.0,1.0231913372558905,0.6687499999999998,0.7167630057803468,1431821.0
2023-10-01,2023-10-31,Virginia Beach,Virginia,271100.0,362750.0,187.5,216.27056119980648,85.0,90.0,96.0,79.0,0.9,15.0,1.0081161274201205,0.5647058823529411,0.7333333333333332,1431821.0
2021-10-01,2021-10-31,Virginia Beach,Virginia,228000.0,324900.0,159.95872033023736,189.75903614457832,161.0,175.0,150.0,152.0,0.9,23.0,1.007607359539608,0.5590062111801241,0.64,1431821.0
2024-04-01,2024-04-30,Virginia Beach,Virginia,267450.0,402444.0,201.15237815619497,233.19718084254367,86.0,107.0,90.0,64.0,0.6999999999999998,15.0,1.0211497408837642,0.627906976744186,0.8317757009345794,1431821.0
2021-10-01,2021-10-31,Virginia Beach,Virginia,366100.0,324900.0,198.0406386066763,189.75903614457832,481.0,518.0,461.0,499.0,1.0,20.0,1.0087283988613045,0.4885654885654885,0.635135135135135,1431821.0
2020-07-01,2020-07-31,Virginia Beach,Virginia,400000.0,299900.0,139.37877866026452,167.45406824146983,5.0,3.0,4.0,7.0,1.4,42.0,0.9768398268398268,0.0,1.0,1431821.0
2024-07-01,2024-07-31,Virginia Beach,Virginia,330250.0,389750.0,214.24839528287805,227.6917781274587,124.0,130.0,142.0,249.0,2.0,31.0,0.9977736418282817,0.3225806451612903,0.5384615384615384,1431821.0
2023-04-01,2023-04-30,Virginia Beach,Virginia,260750.0,377000.0,184.47585385403215,220.8204334365325,98.0,101.0,90.0,59.0,0.5999999999999999,19.0,1.017512012368958,0.6530612244897958,0.8316831683168316,1431821.0
2024-05-01,2024-05-31,Virginia Beach,Virginia,469450.0,389999.0,245.4314534617148,230.76923076923077,353.0,401.0,425.0,371.0,1.1,16.0,1.0125446554071575,0.5524079320113314,0.6982543640897755,1431821.0
2024-01-01,2024-01-31,Virginia Beach,Virginia,308622.5,360000.0,223.36427142492903,224.3694726498526,56.0,128.0,97.0,189.0,3.4,31.0,1.0022490458235842,0.4464285714285714,0.4375,1431821.0
2022-05-01,2022-05-31,Virginia Beach,Virginia,350000.0,335000.0,205.47313658382683,201.74857812703513,786.0,915.0,847.0,707.0,0.9,14.0,1.0314284212024734,0.6704834605597964,0.7726775956284153,1431821.0
2021-08-01,2021-08-31,Virginia Beach,Virginia,251250.0,319000.0,169.3038210126354,184.22604422604425,172.0,223.0,202.0,272.0,1.6,24.0,1.0064054299618337,0.4302325581395348,0.6591928251121076,1431821.0
2021-05-01,2021-05-31,Virginia Beach,Virginia,315750.0,325000.0,184.62757527733757,180.21151336941796,896.0,984.0,1029.0,902.0,1.0,16.0,1.020715293292776,0.6339285714285714,0.8495934959349593,1431821.0
2023-03-01,2023-03-31,Virginia Beach,Virginia,410000.0,362500.0,224.22874341610233,213.8342245989305,295.0,373.0,357.0,307.0,1.0,21.0,1.0041974027819769,0.4372881355932203,0.6621983914209115,1431821.0
2020-05-01,2020-05-31,Virginia Beach,Virginia,336000.0,310440.0,166.4400723654455,167.3390557939914,409.0,573.0,518.0,824.0,2.0,26.0,0.9894478204405104,0.2591687041564791,0.6020942408376962,1431821.0
2022-05-01,2022-05-31,Virginia Beach,Virginia,283500.0,335000.0,201.43312101910828,201.74857812703513,179.0,172.0,158.0,174.0,1.0,17.0,1.0225503476133564,0.5642458100558659,0.6860465116279069,1431821.0
2022-11-01,2022-11-30,Virginia Beach,Virginia,330000.0,335000.0,200.97870303900456,202.7027027027027,448.0,449.0,399.0,670.0,1.5,25.0,0.9999357060209751,0.3973214285714285,0.5657015590200446,1431821.0
2021-06-01,2021-06-30,Virginia Beach,Virginia,254250.0,315000.0,167.4820574162679,183.8235294117647,214.0,221.0,211.0,239.0,1.1,21.0,1.0132759985476123,0.616822429906542,0.6877828054298643,1431821.0
2021-03-01,2021-03-31,Virginia Beach,Virginia,205200.0,310000.0,145.37107880642694,178.1291759465479,167.0,176.0,160.0,135.0,0.8,20.0,1.0077383463302525,0.5089820359281437,0.846590909090909,1431821.0
2022-03-01,2022-03-31,Virginia Beach,Virginia,395000.0,349000.0,215.86165772212283,199.33554817275748,379.0,484.0,502.0,281.0,0.6999999999999998,12.0,1.0284959323647465,0.6781002638522426,0.8533057851239669,1431821.0
2020-10-01,2020-10-31,Virginia Beach,Virginia,247500.0,285700.0,166.2319938881613,170.06802721088437,164.0,163.0,179.0,300.0,1.8,32.0,0.9893124659297502,0.2682926829268292,0.5950920245398773,1431821.0
2020-07-01,2020-07-31,Virginia Beach,Virginia,345000.0,299900.0,171.70813476369028,167.45406824146983,658.0,676.0,592.0,706.0,1.1,27.0,0.9937407784028826,0.3297872340425531,0.6375739644970414,1431821.0
2024-09-01,2024-09-30,Virginia Beach,Virginia,380000.0,389450.0,230.39213077766303,229.88505747126436,456.0,549.0,508.0,855.0,1.9,23.0,0.9978316609917818,0.388157894736842,0.4918032786885245,1431821.0
2024-08-01,2024-08-31,Virginia Beach,Virginia,390000.0,385000.0,231.8548387096774,230.11508951406648,508.0,582.0,612.0,834.0,1.6,24.0,1.0017961176430872,0.4035433070866141,0.5446735395189003,1431821.0
2022-02-01,2022-02-28,Virginia Beach,Virginia,287750.0,335000.0,186.1477121359398,194.1176470588235,100.0,154.0,153.0,153.0,1.5,19.0,1.0103020260253277,0.52,0.7662337662337662,1431821.0
2022-03-01,2022-03-31,Virginia Beach,Virginia,277000.0,349000.0,193.88198757763976,199.33554817275748,159.0,215.0,196.0,167.0,1.1,17.0,1.021832032911427,0.6037735849056604,0.7069767441860465,1431821.0
2020-09-01,2020-09-30,Virginia Beach,Virginia,226000.0,295000.0,150.66666666666666,170.24048096192385,1.0,2.0,4.0,8.0,8.0,35.0,0.9830361026533276,0.0,0.5,1431821.0
2024-01-01,2024-01-31,Virginia Beach,Virginia,371139.0,360000.0,216.38602821278707,224.3694726498526,316.0,528.0,395.0,575.0,1.8,38.0,0.9970284754603436,0.3196202531645569,0.4886363636363636,1431821.0
2021-04-01,2021-04-30,Virginia Beach,Virginia,318000.0,310000.0,181.1023622047244,179.35345824658802,884.0,1049.0,1058.0,802.0,0.9,18.0,1.016468177095173,0.5950226244343891,0.8017159199237369,1431821.0
2021-09-01,2021-09-30,Virginia Beach,Virginia,310000.0,310000.0,182.93060406873155,185.5776123170116,876.0,891.0,818.0,938.0,1.1,21.0,1.0104208787178586,0.5319634703196346,0.6442199775533108,1431821.0
2024-07-01,2024-07-31,Virginia Beach,Virginia,385000.0,389750.0,224.51888809693511,227.6917781274587,571.0,612.0,620.0,781.0,1.4,20.0,1.0034591192700362,0.4413309982486864,0.642156862745098,1431821.0
2022-05-01,2022-05-31,Virginia Beach,Virginia,416000.0,335000.0,214.7058823529412,201.74857812703513,471.0,557.0,516.0,412.0,0.9,13.0,1.033694120914986,0.6985138004246284,0.7719928186714542,1431821.0
2021-05-01,2021-05-31,Virginia Beach,Virginia,250000.0,325000.0,177.0334928229665,180.21151336941796,169.0,188.0,201.0,220.0,1.3,25.0,1.013324313202981,0.5325443786982249,0.8138297872340425,1431821.0
2024-10-01,2024-10-31,Virginia Beach,Virginia,376500.0,375000.0,224.9161073825503,233.0,475.0,593.0,535.0,829.0,1.7,28.0,0.9947841086368436,0.3536842105263157,0.4924114671163575,1431821.0
2024-01-01,2024-01-31,Virginia Beach,Virginia,265000.0,360000.0,193.29896907216497,224.3694726498526,59.0,87.0,68.0,57.0,1.0,27.0,1.0167178855114842,0.4067796610169491,0.6206896551724138,1431821.0
2023-12-01,2023-12-31,Virginia Beach,Virginia,748000.0,,572.7051282051282,,2.0,1.0,,2.0,1.0,21.0,0.9661558519278448,0.5,0.0,1431821.0
2020-11-01,2020-11-30,Virginia Beach,Virginia,294900.0,279900.0,169.0451944525264,168.7633262260128,755.0,814.0,623.0,971.0,1.3,24.0,0.9999636908695168,0.4066225165562913,0.6253071253071252,1431821.0
2020-08-01,2020-08-31,Virginia Beach,Virginia,315000.0,299900.0,169.65634562576082,171.75572519083968,914.0,978.0,832.0,1111.0,1.2,28.0,0.9957073738142218,0.3435448577680524,0.6646216768916156,1431821.0
2020-07-01,2020-07-31,Virginia Beach,Virginia,243500.0,299900.0,169.31216931216932,167.45406824146983,177.0,205.0,178.0,310.0,1.8,37.0,0.9850688323325832,0.1920903954802259,0.4878048780487804,1431821.0
2023-08-01,2023-08-31,Virginia Beach,Virginia,365000.0,375250.0,215.86345381526104,217.72784019975032,515.0,611.0,604.0,680.0,1.3,18.0,1.013245838230585,0.5398058252427184,0.6350245499181669,1431821.0
2023-01-01,2023-01-31,Virginia Beach,Virginia,249000.0,349900.0,177.24753530508926,212.7056154282473,84.0,96.0,78.0,63.0,0.8,23.0,0.999090825099826,0.369047619047619,0.6666666666666666,1431821.0
2023-04-01,2023-04-30,Virginia Beach,Virginia,308000.0,377000.0,216.4948453608247,220.8204334365325,83.0,125.0,128.0,167.0,2.0,18.0,1.000955629118966,0.4698795180722891,0.768,1431821.0
2023-12-01,2023-12-31,Virginia Beach,Virginia,262000.0,355000.0,192.21698113207543,216.8000641022996,83.0,79.0,55.0,64.0,0.8,26.0,1.005341534565286,0.4096385542168674,0.5443037974683544,1431821.0
2024-12-01,2024-12-31,Virginia Beach,Virginia,534500.0,384950.0,242.6438415684601,230.95238095238096,2.0,2.0,1.0,7.0,3.5,5.0,1.0774122577265584,1.0,0.5,1431821.0
2023-05-01,2023-05-31,Virginia Beach,Virginia,323000.0,375000.0,218.44267598343689,216.021602160216,120.0,164.0,133.0,161.0,1.3,25.0,1.0072392650318838,0.4666666666666666,0.573170731707317,1431821.0
2021-07-01,2021-07-31,Virginia Beach,Virginia,212250.0,310000.0,152.8712673524418,182.51273344651952,162.0,191.0,220.0,201.0,1.2,19.0,1.0221716447737164,0.6172839506172839,0.774869109947644,1431821.0
2024-06-01,2024-06-30,Virginia Beach,Virginia,275000.0,399999.0,190.78633309759547,229.76153326051903,80.0,92.0,80.0,71.0,0.9,15.0,1.0106637736140167,0.5875,0.7065217391304348,1431821.0
2023-08-01,2023-08-31,Virginia Beach,Virginia,320000.0,375250.0,216.2109653558417,217.72784019975032,108.0,122.0,113.0,166.0,1.5,21.0,1.0147164056762903,0.5277777777777777,0.5573770491803278,1431821.0
2023-01-01,2023-01-31,Virginia Beach,Virginia,3250000.0,349900.0,618.2233212859045,212.7056154282473,1.0,2.0,3.0,2.0,2.0,273.0,0.905292479108635,0.0,1.0,1431821.0
2022-01-01,2022-01-31,Virginia Beach,Virginia,365000.0,318500.0,207.16475368931344,192.98201754385968,330.0,350.0,264.0,209.0,0.5999999999999999,21.0,1.0102497868336646,0.5181818181818181,0.6657142857142857,1431821.0
2020-05-01,2020-05-31,Virginia Beach,Virginia,241000.0,310440.0,170.19368354480412,167.3390557939914,118.0,149.0,151.0,318.0,2.7,33.0,0.9855991018274876,0.1779661016949152,0.5503355704697986,1431821.0
2023-03-01,2023-03-31,Virginia Beach,Virginia,295000.0,362500.0,234.87261146496817,213.8342245989305,111.0,131.0,132.0,152.0,1.4,24.0,1.00177137217895,0.3603603603603603,0.6717557251908397,1431821.0
2023-09-01,2023-09-30,Virginia Beach,Virginia,260000.0,360000.0,190.52224371373308,216.90037997447504,115.0,88.0,89.0,63.0,0.5,18.0,1.012955101018388,0.5739130434782608,0.784090909090909,1431821.0
2021-02-01,2021-02-28,Virginia Beach,Virginia,345000.0,299900.0,182.82104837334643,177.1775412087912,334.0,432.0,391.0,363.0,1.1,22.0,1.0059967367271705,0.5029940119760478,0.7638888888888888,1431821.0
2024-10-01,2024-10-31,Virginia Beach,Virginia,332500.0,375000.0,224.83221476510067,233.0,122.0,143.0,141.0,295.0,2.4,36.0,0.9912383393955196,0.2950819672131147,0.4125874125874126,1431821.0
2020-11-01,2020-11-30,Virginia Beach,Virginia,227000.0,279900.0,136.71875,168.7633262260128,5.0,2.0,1.0,6.0,1.2,47.0,0.9903753228497512,0.4,0.0,1431821.0
2020-06-01,2020-06-30,Virginia Beach,Virginia,635000.0,306750.0,198.8355022163942,166.82583818456592,2.0,4.0,4.0,8.0,4.0,26.0,1.0,0.0,0.25,1431821.0
2021-02-01,2021-02-28,Virginia Beach,Virginia,297000.0,299900.0,171.48655504819888,177.1775412087912,591.0,789.0,660.0,685.0,1.2,24.0,1.0052692329681747,0.4602368866328256,0.7034220532319391,1431821.0
2022-06-01,2022-06-30,Virginia Beach,Virginia,350000.0,345000.0,206.65202858018543,204.80595121204777,790.0,869.0,954.0,846.0,1.1,18.0,1.030311080976545,0.6759493670886076,0.7410817031070196,1431821.0
2022-05-01,2022-05-31,Virginia Beach,Virginia,252500.0,335000.0,171.11905287799834,201.74857812703513,132.0,183.0,172.0,118.0,0.9,17.0,1.0368063540983652,0.7272727272727272,0.8579234972677595,1431821.0
2024-02-01,2024-02-29,Virginia Beach,Virginia,1725000.0,379900.0,902.1966527196652,223.07692307692307,1.0,3.0,2.0,1.0,1.0,,0.8625,0.0,0.6666666666666666,1431821.0
2020-01-01,2020-01-31,Virginia Beach,Virginia,328000.0,275000.0,163.73801916932908,159.5593461265103,245.0,409.0,362.0,761.0,3.1,55.0,0.9787334792372104,0.1551020408163265,0.3960880195599021,1431821.0
2024-12-01,2024-12-31,Virginia Beach,Virginia,351000.0,384950.0,219.3780260286963,230.95238095238096,119.0,88.0,90.0,237.0,2.0,37.0,0.992517559563192,0.3109243697478991,0.3181818181818181,1431821.0
2021-04-01,2021-04-30,Virginia Beach,Virginia,255000.0,310000.0,170.61068702290078,179.35345824658802,182.0,209.0,211.0,220.0,1.2,28.0,1.0086450568828431,0.4725274725274725,0.7272727272727272,1431821.0
2024-03-01,2024-03-31,Virginia Beach,Virginia,419950.0,369900.0,230.58352993699248,220.57178371659415,270.0,344.0,285.0,298.0,1.1,21.0,1.0005954303212026,0.4555555555555555,0.6453488372093023,1431821.0
2021-11-01,2021-11-30,Virginia Beach,Virginia,1172450.0,319000.0,261.4200320512821,188.54961832061068,2.0,3.0,3.0,3.0,1.5,76.0,0.9482832719720106,0.0,0.6666666666666666,1431821.0
2020-11-01,2020-11-30,Virginia Beach,Virginia,204000.0,279900.0,143.006809848088,168.7633262260128,151.0,152.0,130.0,165.0,1.1,23.0,1.00839708136718,0.4966887417218542,0.6842105263157894,1431821.0
2023-02-01,2023-02-28,Virginia Beach,Virginia,330000.0,349000.0,201.59000567859172,210.38241273468952,408.0,515.0,425.0,497.0,1.2,23.0,1.0012223571252232,0.4044117647058823,0.6368932038834951,1431821.0
2021-03-01,2021-03-31,Virginia Beach,Virginia,246350.0,310000.0,172.88827589238616,178.1291759465479,188.0,216.0,195.0,221.0,1.2,32.0,0.9975706912877004,0.3617021276595744,0.6805555555555555,1431821.0
2021-03-01,2021-03-31,Virginia Beach,Virginia,301500.0,310000.0,179.40853323567111,178.1291759465479,822.0,1002.0,931.0,755.0,0.9,21.0,1.006284961963533,0.4902676399026764,0.7984031936127745,1431821.0
2022-01-01,2022-01-31,Virginia Beach,Virginia,220000.0,318500.0,165.00994035785288,192.98201754385968,113.0,146.0,111.0,67.0,0.5999999999999999,21.0,1.0150248148673893,0.5486725663716813,0.7465753424657534,1431821.0
2021-05-01,2021-05-31,Virginia Beach,Virginia,220000.0,325000.0,153.30188679245282,180.21151336941796,155.0,189.0,192.0,163.0,1.1,19.0,1.0153561112563048,0.6322580645161289,0.8783068783068781,1431821.0
2022-07-01,2022-07-31,Virginia Beach,Virginia,290000.0,335000.0,203.51328191945157,202.6143790849673,143.0,164.0,134.0,199.0,1.4,21.0,1.010905211486734,0.5244755244755244,0.6219512195121951,1431821.0
2022-04-01,2022-04-30,Virginia Beach,Virginia,317500.0,345000.0,206.04054054054055,201.95052331113223,166.0,187.0,199.0,176.0,1.1,19.0,1.0262315288037944,0.6626506024096385,0.7165775401069518,1431821.0
2020-06-01,2020-06-30,Virginia Beach,Virginia,335000.0,306750.0,170.72496176384664,166.82583818456592,516.0,684.0,547.0,751.0,1.5,25.0,0.99397907722979,0.2868217054263566,0.597953216374269,1431821.0
2023-09-01,2023-09-30,Virginia Beach,Virginia,320570.0,360000.0,211.24620060790272,216.90037997447504,103.0,94.0,113.0,186.0,1.8,29.0,1.0073163686505469,0.4271844660194174,0.5957446808510638,1431821.0
2021-07-01,2021-07-31,Virginia Beach,Virginia,327600.0,310000.0,190.0,182.51273344651952,983.0,1027.0,1080.0,1034.0,1.1,19.0,1.0220512375742663,0.6103763987792472,0.7322297955209348,1431821.0
2020-02-01,2020-02-29,Virginia Beach,Virginia,312000.0,292500.0,165.35232765199694,161.98514517218095,340.0,488.0,436.0,784.0,2.3,52.0,0.987729451061083,0.2058823529411764,0.526639344262295,1431821.0
2021-03-01,2021-03-31,Virginia Beach,Virginia,353900.0,310000.0,189.78761861726164,178.1291759465479,463.0,606.0,573.0,395.0,0.9,18.0,1.0092856055349522,0.5377969762419005,0.8283828382838284,1431821.0
2021-11-01,2021-11-30,Virginia Beach,Virginia,215000.0,319000.0,154.90579452541772,188.54961832061068,162.0,165.0,116.0,119.0,0.6999999999999998,21.0,1.013100410930329,0.5061728395061728,0.696969696969697,1431821.0
2021-06-01,2021-06-30,Virginia Beach,Virginia,219100.0,315000.0,158.54336000672083,183.8235294117647,189.0,180.0,171.0,140.0,0.6999999999999998,20.0,1.026249699911666,0.6772486772486772,0.8055555555555555,1431821.0
2020-02-01,2020-02-29,Virginia Beach,Virginia,183750.0,292500.0,131.82141471615154,161.98514517218095,94.0,141.0,123.0,202.0,2.1,38.0,0.989468689189204,0.2553191489361701,0.6170212765957446,1431821.0
2021-09-01,2021-09-30,Virginia Beach,Virginia,648500.0,310000.0,302.95098039215685,185.5776123170116,2.0,2.0,2.0,4.0,2.0,9.0,1.0039106145251395,0.5,0.5,1431821.0
2024-08-01,2024-08-31,Virginia Beach,Virginia,278100.0,385000.0,198.1076286221171,230.11508951406648,83.0,96.0,102.0,100.0,1.2,21.0,1.007940280807741,0.4216867469879518,0.59375,1431821.0
2022-10-01,2022-10-31,Virginia Beach,Virginia,1020000.0,339000.0,411.2903225806452,207.5178997613365,3.0,3.0,4.0,7.0,2.3,11.0,0.9877669779675688,0.6666666666666666,0.6666666666666666,1431821.0
2024-12-01,2024-12-31,Virginia Beach,Virginia,275006.5,384950.0,195.95171354069657,230.95238095238096,76.0,75.0,55.0,75.0,1.0,25.0,1.0079373398866904,0.4473684210526315,0.4266666666666666,1431821.0
2024-08-01,2024-08-31,Virginia Beach,Virginia,362500.0,385000.0,222.2731439046746,230.11508951406648,104.0,134.0,158.0,279.0,2.7,33.0,1.0052920013745008,0.298076923076923,0.4626865671641791,1431821.0
2023-04-01,2023-04-30,Virginia Beach,Virginia,370000.0,377000.0,210.91308198219355,220.8204334365325,478.0,598.0,576.0,573.0,1.2,19.0,1.0115266374703835,0.5355648535564853,0.7658862876254181,1431821.0
2022-01-01,2022-01-31,Virginia Beach,Virginia,248000.0,318500.0,182.370820668693,192.98201754385968,107.0,141.0,128.0,135.0,1.3,29.0,1.0100359788617128,0.4766355140186915,0.6453900709219857,1431821.0
2023-02-01,2023-02-28,Virginia Beach,Virginia,280000.0,349000.0,214.50908368906977,210.38241273468952,74.0,97.0,89.0,133.0,1.8,22.0,1.0023351288907858,0.4459459459459459,0.6185567010309277,1431821.0
2022-12-01,2022-12-31,Virginia Beach,Virginia,302000.0,329950.0,206.5465505396361,197.17081613633337,84.0,69.0,60.0,122.0,1.5,26.0,0.9983238699889908,0.3809523809523809,0.4927536231884058,1431821.0
2020-09-01,2020-09-30,Virginia Beach,Virginia,242000.0,295000.0,167.60039287669468,170.24048096192385,180.0,175.0,159.0,273.0,1.5,35.0,0.992118849160955,0.2722222222222222,0.5828571428571429,1431821.0
2022-12-01,2022-12-31,Virginia Beach,Virginia,389900.0,329950.0,211.52999120062572,197.17081613633337,258.0,243.0,185.0,374.0,1.4,27.0,0.99150049976175,0.3217054263565891,0.4115226337448559,1431821.0
2023-03-01,2023-03-31,Virginia Beach,Virginia,347000.0,362500.0,216.96252465483235,213.8342245989305,501.0,628.0,607.0,536.0,1.1,20.0,1.0060378452709984,0.4451097804391217,0.7022292993630573,1431821.0
2024-10-01,2024-10-31,Virginia Beach,Virginia,450050.0,375000.0,235.69806009740765,233.0,260.0,335.0,299.0,431.0,1.7,27.0,0.993049418226618,0.3346153846153845,0.5194029850746269,1431821.0
2023-08-01,2023-08-31,Virginia Beach,Virginia,425000.0,375250.0,225.0886524822695,217.72784019975032,298.0,365.0,374.0,424.0,1.4,18.0,1.010009764663632,0.5302013422818792,0.621917808219178,1431821.0
2020-05-01,2020-05-31,Virginia Beach,Virginia,215000.0,310440.0,137.9598662207358,167.3390557939914,107.0,161.0,130.0,183.0,1.7,24.0,0.9990872396385828,0.2990654205607476,0.5838509316770186,1431821.0
2023-06-01,2023-06-30,Virginia Beach,Virginia,327307.5,368200.0,215.48690177788308,214.4209117238163,144.0,131.0,130.0,170.0,1.2,25.0,1.0108621435466798,0.4930555555555555,0.564885496183206,1431821.0
2024-10-01,2024-10-31,Virginia Beach,Virginia,351500.0,375000.0,238.05555555555557,233.0,2.0,5.0,2.0,4.0,2.0,6.0,1.015508999142939,0.5,0.4,1431821.0
2021-02-01,2021-02-28,Virginia Beach,Virginia,425000.0,299900.0,186.32178868917143,177.1775412087912,1.0,3.0,1.0,4.0,4.0,9.0,1.0900230828417543,1.0,1.0,1431821.0
2020-02-01,2020-02-29,Virginia Beach,Virginia,221650.0,292500.0,155.11667281616087,161.98514517218095,108.0,148.0,143.0,279.0,2.6,47.0,0.9851240933553452,0.2037037037037036,0.581081081081081,1431821.0
2023-07-01,2023-07-31,Virginia Beach,Virginia,375000.0,372450.0,218.6192468619247,212.52861347285807,519.0,655.0,578.0,619.0,1.2,18.0,1.0107550360084736,0.5433526011560693,0.6595419847328244,1431821.0
2022-03-01,2022-03-31,Virginia Beach,Virginia,330500.0,349000.0,200.6522929621255,199.33554817275748,680.0,855.0,855.0,533.0,0.8,13.0,1.0292943531806151,0.676470588235294,0.8210526315789473,1431821.0
2022-10-01,2022-10-31,Virginia Beach,Virginia,237450.0,339000.0,165.08018301660286,207.5178997613365,96.0,116.0,99.0,96.0,1.0,20.0,1.000944887259819,0.4375,0.6982758620689655,1431821.0
2021-01-01,2021-01-31,Virginia Beach,Virginia,286050.0,299900.0,172.50090220137133,173.5537190082645,615.0,793.0,656.0,783.0,1.3,26.0,0.9975345994447417,0.4,0.6506935687263556,1431821.0
2023-03-01,2023-03-31,Virginia Beach,Virginia,252500.0,362500.0,178.9838337182448,213.8342245989305,95.0,124.0,118.0,76.0,0.8,16.0,1.0167379405076156,0.5684210526315789,0.8548387096774193,1431821.0
2020-08-01,2020-08-31,Virginia Beach,Virginia,259000.0,299900.0,177.5754126351736,171.75572519083968,177.0,217.0,205.0,319.0,1.8,35.0,0.9909289501193704,0.231638418079096,0.6313364055299538,1431821.0
2022-08-01,2022-08-31,Virginia Beach,Virginia,330000.0,340000.0,202.29875003124027,207.04138644710025,724.0,806.0,654.0,776.0,1.1,20.0,1.0051295109272045,0.4502762430939226,0.575682382133995,1431821.0
2024-12-01,2024-12-31,Virginia Beach,Virginia,376000.0,384950.0,226.05731066294788,230.95238095238096,451.0,391.0,312.0,633.0,1.4,31.0,0.9976063086952744,0.368070953436807,0.3913043478260869,1431821.0
2023-02-01,2023-02-28,Virginia Beach,Virginia,255000.0,349000.0,180.97014925373136,210.38241273468952,84.0,102.0,83.0,63.0,0.8,17.0,1.0042461207933056,0.4285714285714285,0.7941176470588234,1431821.0
2024-05-01,2024-05-31,Virginia Beach,Virginia,395000.0,389999.0,181.19266055045873,230.76923076923077,1.0,1.0,4.0,6.0,6.0,21.0,1.0129503782536222,1.0,1.0,1431821.0
2022-08-01,2022-08-31,Virginia Beach,Virginia,380000.0,340000.0,216.35569670504168,207.04138644710025,429.0,457.0,371.0,471.0,1.1,21.0,1.0022360529162884,0.4149184149184149,0.5098468271334791,1431821.0
2023-01-01,2023-01-31,Virginia Beach,Virginia,386000.0,349900.0,213.00246182389037,212.7056154282473,202.0,342.0,221.0,333.0,1.6,34.0,0.9931269652006788,0.2277227722772277,0.4473684210526315,1431821.0
2023-05-01,2023-05-31,Virginia Beach,Virginia,427450.0,375000.0,229.03622693096375,216.021602160216,350.0,439.0,380.0,317.0,0.9,17.0,1.013181678407824,0.5685714285714286,0.7015945330296127,1431821.0
2021-12-01,2021-12-31,Virginia Beach,Virginia,370000.0,324999.5,199.20753699629648,192.7971327269925,460.0,393.0,281.0,258.0,0.5999999999999999,22.0,1.0072780633152656,0.4978260869565217,0.6030534351145038,1431821.0
2020-02-01,2020-02-29,Virginia Beach,Virginia,385000.0,292500.0,183.33333333333337,161.98514517218095,1.0,3.0,1.0,4.0,4.0,156.0,0.9871794871794872,0.0,0.0,1431821.0
2020-08-01,2020-08-31,Virginia Beach,Virginia,215000.0,299900.0,140.04424778761063,171.75572519083968,141.0,171.0,130.0,155.0,1.1,28.0,0.9988294309807506,0.3971631205673759,0.695906432748538,1431821.0
2022-09-01,2022-09-30,Virginia Beach,Virginia,330000.0,330000.0,205.28683914510685,202.6138937334981,673.0,598.0,562.0,716.0,1.1,25.0,1.0050925141758864,0.4249628528974739,0.5819397993311036,1431821.0
2021-05-01,2021-05-31,Virginia Beach,Virginia,750000.0,325000.0,228.04532577903683,180.21151336941796,3.0,5.0,3.0,7.0,2.3,39.0,0.972382845943498,0.3333333333333333,0.4,1431821.0
2024-05-01,2024-05-31,Virginia Beach,Virginia,400000.0,389999.0,230.83623693379792,230.76923076923077,601.0,669.0,693.0,653.0,1.1,18.0,1.0104421680535025,0.5174708818635607,0.68609865470852,1431821.0
2021-09-01,2021-09-30,Virginia Beach,Virginia,369300.0,310000.0,198.9261393399686,185.5776123170116,506.0,504.0,484.0,513.0,1.0,20.0,1.0116622545522274,0.5592885375494071,0.6765873015873016,1431821.0
2023-06-01,2023-06-30,Virginia Beach,Virginia,269500.0,368200.0,191.9232613908873,214.4209117238163,115.0,129.0,123.0,75.0,0.6999999999999998,13.0,1.0281439871872562,0.7130434782608694,0.7906976744186046,1431821.0
2023-07-01,2023-07-31,Virginia Beach,Virginia,310000.0,372450.0,203.53508302088912,212.52861347285807,97.0,127.0,108.0,165.0,1.7,26.0,1.0059298297811832,0.4639175257731958,0.5905511811023622,1431821.0
2023-09-01,2023-09-30,Virginia Beach,Virginia,355000.0,360000.0,213.35168616655196,216.90037997447504,509.0,473.0,499.0,691.0,1.4,19.0,1.0054683822042674,0.4675834970530451,0.587737843551797,1431821.0
2020-12-01,2020-12-31,Virginia Beach,Virginia,612500.0,284500.0,644.7368421052631,169.39890710382514,3.0,2.0,1.0,5.0,1.7,155.0,0.9359444543350542,0.3333333333333333,0.5,1431821.0
2020-10-01,2020-10-31,Virginia Beach,Virginia,296000.0,285700.0,170.45454545454547,170.06802721088437,865.0,885.0,881.0,1092.0,1.3,24.0,0.999656896188659,0.3965317919075144,0.6790960451977401,1431821.0
2021-04-01,2021-04-30,Virginia Beach,Virginia,370000.0,310000.0,189.90288478273663,179.35345824658802,540.0,636.0,655.0,436.0,0.8,14.0,1.0207264094208772,0.6351851851851851,0.8223270440251572,1431821.0
2020-12-01,2020-12-31,Virginia Beach,Virginia,250000.0,284500.0,155.93262946204123,169.39890710382514,158.0,151.0,116.0,254.0,1.6,35.0,0.993052056975525,0.2658227848101265,0.4569536423841059,1431821.0
2022-08-01,2022-08-31,Virginia Beach,Virginia,245000.0,340000.0,172.86501377410468,207.04138644710025,157.0,179.0,154.0,123.0,0.8,19.0,1.0126185177374134,0.5796178343949044,0.7318435754189943,1431821.0
2022-11-01,2022-11-30,Virginia Beach,Virginia,389450.0,335000.0,212.4486361802965,202.7027027027027,254.0,263.0,233.0,445.0,1.8,27.0,0.9971419435816667,0.358267716535433,0.494296577946768,1431821.0
2024-09-01,2024-09-30,Virginia Beach,Virginia,425000.0,389450.0,242.1453287197232,229.88505747126436,277.0,306.0,270.0,438.0,1.6,21.0,1.000452528262613,0.407942238267148,0.4477124183006536,1431821.0
2023-04-01,2023-04-30,Virginia Beach,Virginia,422004.0,377000.0,222.37196765498652,220.8204334365325,297.0,371.0,356.0,345.0,1.2,19.0,1.0125058528007111,0.5151515151515151,0.7493261455525606,1431821.0
2024-04-01,2024-04-30,Virginia Beach,Virginia,335000.0,402444.0,211.61137453400113,233.19718084254367,125.0,151.0,154.0,204.0,1.6,26.0,1.00541869942115,0.4,0.6357615894039735,1431821.0
2021-07-01,2021-07-31,Virginia Beach,Virginia,355000.0,310000.0,225.92592592592592,182.51273344651952,6.0,3.0,1.0,5.0,0.8,19.0,1.002316001428734,0.5,1.0,1431821.0
2021-12-01,2021-12-31,Virginia Beach,Virginia,325000.0,324999.5,188.89005847953217,192.7971327269925,753.0,632.0,464.0,471.0,0.5999999999999999,23.0,1.00784729553098,0.5059760956175298,0.6107594936708861,1431821.0
2021-06-01,2021-06-30,Virginia Beach,Virginia,385000.0,315000.0,195.26114867383097,183.8235294117647,594.0,617.0,632.0,535.0,0.9,15.0,1.0244841141534848,0.6565656565656565,0.8087520259319287,1431821.0
2024-09-01,2024-09-30,Virginia Beach,Virginia,385000.0,389450.0,243.51676154332705,229.88505747126436,5.0,3.0,4.0,7.0,1.4,13.0,0.899231268921786,0.2,0.3333333333333333,1431821.0
2022-11-01,2022-11-30,Virginia Beach,Virginia,436250.0,335000.0,262.2242647058823,202.7027027027027,4.0,4.0,1.0,1.0,0.2999999999999999,65.0,0.9772845122209912,0.25,0.25,1431821.0
2023-05-01,2023-05-31,Virginia Beach,Virginia,370000.0,375000.0,219.85294117647055,216.021602160216,575.0,742.0,639.0,546.0,0.9,18.0,1.0131209653974085,0.5652173913043477,0.6927223719676548,1431821.0
2022-06-01,2022-06-30,Virginia Beach,Virginia,710000.0,345000.0,443.75,204.80595121204777,1.0,3.0,5.0,5.0,5.0,4.0,1.0456553755522828,1.0,0.6666666666666666,1431821.0
2020-10-01,2020-10-31,Virginia Beach,Virginia,215000.0,285700.0,144.9044585987261,170.06802721088437,159.0,175.0,185.0,184.0,1.2,24.0,1.0020175581633457,0.3962264150943396,0.7428571428571428,1431821.0
2020-11-01,2020-11-30,Virginia Beach,Virginia,246000.0,279900.0,167.31016731016732,168.7633262260128,149.0,180.0,147.0,301.0,2.0,30.0,0.9908883060851283,0.3020134228187919,0.5666666666666667,1431821.0
2020-03-01,2020-03-31,Virginia Beach,Virginia,275000.0,299000.0,158.81305087328624,165.92333105491,672.0,840.0,848.0,1312.0,2.0,28.0,0.991739647452662,0.2485119047619047,0.6154761904761905,1431821.0
2022-10-01,2022-10-31,Virginia Beach,Virginia,399500.0,339000.0,215.1732925160989,207.5178997613365,249.0,284.0,290.0,492.0,2.0,25.0,0.9941503099720056,0.3253012048192771,0.5176056338028168,1431821.0
2024-04-01,2024-04-30,Virginia Beach,Virginia,382500.0,402444.0,222.97719462667916,233.19718084254367,519.0,664.0,638.0,600.0,1.2,20.0,1.0065619737575526,0.4585741811175337,0.7183734939759036,1431821.0
2020-01-01,2020-01-31,Virginia Beach,Virginia,315000.0,275000.0,168.26923076923077,159.5593461265103,1.0,1.0,1.0,4.0,4.0,8.0,0.9548347984237648,0.0,0.0,1431821.0
2023-11-01,2023-11-30,Virginia Beach,Virginia,265000.0,354900.0,191.25,215.3846153846154,63.0,80.0,84.0,99.0,1.6,20.0,1.0094060522709791,0.5238095238095238,0.65,1431821.0
2024-03-01,2024-03-31,Virginia Beach,Virginia,338500.0,369900.0,212.12121212121212,220.57178371659415,117.0,143.0,124.0,197.0,1.7,33.0,0.9997326350346812,0.376068376068376,0.5804195804195804,1431821.0
2020-12-01,2020-12-31,Virginia Beach,Virginia,290500.0,284500.0,171.75301632363377,169.39890710382514,821.0,692.0,549.0,786.0,1.0,26.0,0.9997044265220716,0.4043848964677223,0.5867052023121387,1431821.0
2020-08-01,2020-08-31,Virginia Beach,Virginia,360000.0,299900.0,175.01568381430366,171.75572519083968,594.0,590.0,496.0,633.0,1.1,25.0,0.9963756998767416,0.3653198653198653,0.6677966101694915,1431821.0
2021-09-01,2021-09-30,Virginia Beach,Virginia,260000.0,310000.0,169.30835734870317,185.5776123170116,181.0,190.0,172.0,250.0,1.4,28.0,1.0057818119346853,0.425414364640884,0.5947368421052631,1431821.0
2020-08-01,2020-08-31,Virginia Beach,Virginia,327450.0,299900.0,221.2553418803419,171.75572519083968,2.0,,1.0,4.0,2.0,12.0,1.0,0.0,,1431821.0
2024-06-01,2024-06-30,Virginia Beach,Virginia,410000.0,399999.0,234.2926607262623,229.76153326051903,527.0,609.0,607.0,723.0,1.4,19.0,1.0076250951967904,0.4819734345351043,0.6436781609195402,1431821.0
2022-11-01,2022-11-30,Virginia Beach,Virginia,239900.0,335000.0,176.9174041297935,202.7027027027027,103.0,98.0,86.0,79.0,0.8,18.0,1.0124495234027535,0.5145631067961165,0.7244897959183673,1431821.0
2021-08-01,2021-08-31,Virginia Beach,Virginia,440000.0,319000.0,249.5854415578894,184.22604422604425,2.0,1.0,1.0,4.0,2.0,149.0,0.9802939365958756,0.5,1.0,1431821.0
2024-11-01,2024-11-30,Virginia Beach,Virginia,396000.0,390000.0,235.43893129770993,233.91812865497076,418.0,498.0,439.0,767.0,1.8,25.0,0.9991059498826804,0.3899521531100478,0.5,1431821.0
2021-10-01,2021-10-31,Virginia Beach,Virginia,950000.0,324900.0,452.3809523809524,189.75903614457832,1.0,2.0,2.0,4.0,4.0,175.0,1.0010537407797682,1.0,0.0,1431821.0
2024-01-01,2024-01-31,Virginia Beach,Virginia,532000.0,360000.0,249.57799145299143,224.3694726498526,2.0,1.0,2.0,2.0,1.0,47.0,0.9797979797979796,0.0,1.0,1431821.0
2021-12-01,2021-12-31,Virginia Beach,Virginia,220000.0,324999.5,157.11710233635043,192.7971327269925,146.0,127.0,93.0,80.0,0.5,23.0,1.0068943243996633,0.5273972602739726,0.68503937007874,1431821.0
2024-08-01,2024-08-31,Virginia Beach,Virginia,990000.0,385000.0,351.9916379845116,230.11508951406648,2.0,3.0,1.0,4.0,2.0,195.0,0.8958333333333331,0.0,0.0,1431821.0
2021-08-01,2021-08-31,Virginia Beach,Virginia,215000.0,319000.0,155.14386231987476,184.22604422604425,168.0,222.0,182.0,173.0,1.0,22.0,1.021072903000383,0.6309523809523809,0.7477477477477477,1431821.0
2021-06-01,2021-06-30,Virginia Beach,Virginia,325000.0,315000.0,182.98479087452472,183.8235294117647,998.0,1022.0,1019.0,919.0,0.9,17.0,1.02239446494452,0.6513026052104208,0.7818003913894324,1431821.0
2023-07-01,2023-07-31,Virginia Beach,Virginia,430000.0,372450.0,231.75219648562305,212.52861347285807,310.0,390.0,357.0,381.0,1.2,17.0,1.0099405441503253,0.5290322580645161,0.641025641025641,1431821.0
2024-06-01,2024-06-30,Virginia Beach,Virginia,461000.0,399999.0,245.60701754385968,229.76153326051903,348.0,376.0,375.0,407.0,1.2,17.0,1.008546891637053,0.4770114942528735,0.6462765957446808,1431821.0
2020-12-01,2020-12-31,Virginia Beach,Virginia,344950.0,284500.0,182.1033752844471,169.39890710382514,504.0,395.0,325.0,397.0,0.8,25.0,1.0020029703987503,0.4325396825396825,0.630379746835443,1431821.0
2021-01-01,2021-01-31,Virginia Beach,Virginia,337500.0,299900.0,191.2190082644628,173.5537190082645,2.0,3.0,3.0,5.0,2.5,54.0,1.0184331797235022,0.5,0.3333333333333333,1431821.0
2024-12-01,2024-12-31,Virginia Beach,Virginia,425000.0,384950.0,238.601683029453,230.95238095238096,254.0,226.0,166.0,314.0,1.2,31.0,0.9962708397114464,0.3661417322834645,0.4070796460176991,1431821.0
2020-04-01,2020-04-30,Virginia Beach,Virginia,286710.0,290000.0,162.86644951140065,165.7314842039923,657.0,743.0,738.0,1327.0,2.0,27.0,0.9931559434415989,0.2663622526636225,0.5625841184387617,1431821.0
2022-06-01,2022-06-30,Virginia Beach,Virginia,255000.0,345000.0,177.67128279883383,204.80595121204777,164.0,181.0,177.0,115.0,0.6999999999999998,17.0,1.0366000863313614,0.7378048780487804,0.7734806629834254,1431821.0
2023-11-01,2023-11-30,Virginia Beach,Virginia,287455.0,354900.0,206.74778761061947,215.3846153846154,75.0,82.0,86.0,207.0,2.8,27.0,0.9916553234157168,0.32,0.4878048780487804,1431821.0
2022-09-01,2022-09-30,Virginia Beach,Virginia,345000.0,330000.0,288.46153846153845,202.6138937334981,5.0,2.0,1.0,4.0,0.8,31.0,0.9886792452830188,0.0,0.5,1431821.0
2021-08-01,2021-08-31,Virginia Beach,Virginia,378000.0,319000.0,197.56838905775075,184.22604422604425,599.0,580.0,540.0,544.0,0.9,18.0,1.015054061997233,0.5993322203672788,0.729310344827586,1431821.0
2024-04-01,2024-04-30,Virginia Beach,Virginia,442500.0,402444.0,235.66917224905228,233.19718084254367,308.0,405.0,393.0,329.0,1.1,19.0,1.0029527572614363,0.435064935064935,0.7185185185185184,1431821.0
2021-03-01,2021-03-31,Virginia Beach,Virginia,422500.0,310000.0,195.0330772513871,178.1291759465479,4.0,4.0,3.0,4.0,1.0,43.0,1.0078523930255314,0.25,0.5,1431821.0
2021-01-01,2021-01-31,Virginia Beach,Virginia,235000.0,299900.0,164.1337386018237,173.5537190082645,139.0,181.0,138.0,237.0,1.7,37.0,0.9904665549744396,0.2517985611510791,0.5138121546961326,1431821.0
2023-05-01,2023-05-31,Virginia Beach,Virginia,275000.0,375000.0,188.99348298334544,216.021602160216,105.0,138.0,124.0,65.0,0.5999999999999999,15.0,1.0196405319709088,0.6666666666666666,0.8043478260869565,1431821.0
2022-04-01,2022-04-30,Virginia Beach,Virginia,235100.0,345000.0,171.7408274785324,201.95052331113223,131.0,152.0,150.0,102.0,0.8,12.0,1.0473223292594505,0.7480916030534351,0.8618421052631579,1431821.0
2023-06-01,2023-06-30,Virginia Beach,Virginia,440000.0,368200.0,229.1930002982845,214.4209117238163,398.0,374.0,369.0,341.0,0.9,18.0,1.0143032047073066,0.592964824120603,0.6310160427807486,1431821.0
2020-01-01,2020-01-31,Virginia Beach,Virginia,268000.0,275000.0,154.29759704251387,159.5593461265103,407.0,677.0,647.0,1223.0,3.0,47.0,0.9808983346029996,0.1597051597051596,0.4327917282127031,1431821.0
2020-12-01,2020-12-31,Virginia Beach,Virginia,198625.0,284500.0,142.64163515361278,169.39890710382514,156.0,144.0,107.0,130.0,0.8,24.0,1.0002421713366143,0.4551282051282051,0.6041666666666666,1431821.0
2021-01-01,2021-01-31,Virginia Beach,Virginia,340000.0,299900.0,182.8321809818613,173.5537190082645,354.0,449.0,372.0,401.0,1.1,24.0,0.998951709398312,0.4604519774011299,0.6948775055679287,1431821.0
2020-03-01,2020-03-31,Virginia Beach,Virginia,235000.0,299000.0,157.89473684210526,165.92333105491,131.0,155.0,159.0,287.0,2.2,30.0,0.9870577090411902,0.1908396946564885,0.5612903225806452,1431821.0
2021-05-01,2021-05-31,Virginia Beach,Virginia,380000.0,325000.0,193.44086021505376,180.21151336941796,569.0,602.0,633.0,512.0,0.9,14.0,1.0246183567890508,0.6660808435852372,0.8554817275747508,1431821.0
2020-03-01,2020-03-31,Virginia Beach,Virginia,250000.0,299000.0,114.6788990825688,165.92333105491,1.0,1.0,3.0,4.0,4.0,41.0,1.0,0.0,1.0,1431821.0
2023-10-01,2023-10-31,Virginia Beach,Virginia,339120.0,362750.0,239.96323529411765,216.27056119980648,106.0,94.0,108.0,189.0,1.8,27.0,0.997894903630501,0.3584905660377358,0.5531914893617021,1431821.0
2022-11-01,2022-11-30,Virginia Beach,Virginia,295000.0,335000.0,199.48519948519947,202.7027027027027,87.0,84.0,79.0,145.0,1.7,27.0,0.9943184329688052,0.3793103448275861,0.619047619047619,1431821.0
2021-04-01,2021-04-30,Virginia Beach,Virginia,220000.0,310000.0,157.0855614973262,179.35345824658802,159.0,201.0,188.0,140.0,0.9,22.0,1.010925643733389,0.5974842767295597,0.8159203980099502,1431821.0
2022-10-01,2022-10-31,Virginia Beach,Virginia,327500.0,339000.0,202.03929133105683,207.5178997613365,457.0,517.0,493.0,747.0,1.6,23.0,0.9980868297650294,0.3763676148796498,0.5725338491295938,1431821.0
2022-08-01,2022-08-31,Virginia Beach,Virginia,265500.0,340000.0,191.58460161145928,207.04138644710025,133.0,160.0,125.0,173.0,1.3,23.0,1.0046137555950794,0.4135338345864661,0.59375,1431821.0
2022-12-01,2022-12-31,Virginia Beach,Virginia,245000.0,329950.0,179.9106349773889,197.17081613633337,82.0,106.0,81.0,74.0,0.9,20.0,1.0069728391626855,0.3902439024390244,0.6132075471698113,1431821.0
2020-04-01,2020-04-30,Virginia Beach,Virginia,193000.0,290000.0,135.0575158731391,165.7314842039923,110.0,127.0,130.0,198.0,1.8,26.0,1.0011042794864553,0.2636363636363636,0.6614173228346457,1431821.0
2021-06-01,2021-06-30,Virginia Beach,Virginia,314900.0,315000.0,168.21581196581195,183.8235294117647,1.0,4.0,5.0,5.0,5.0,33.0,1.0,0.0,0.75,1431821.0
2020-09-01,2020-09-30,Virginia Beach,Virginia,354900.0,295000.0,176.58600392413342,170.24048096192385,571.0,614.0,572.0,622.0,1.1,24.0,0.9985853377561744,0.3887915936952714,0.7019543973941367,1431821.0
2024-07-01,2024-07-31,Virginia Beach,Virginia,449950.0,389750.0,239.14986513052625,227.6917781274587,346.0,370.0,361.0,436.0,1.3,18.0,1.0036843093536991,0.4566473988439306,0.6405405405405405,1431821.0
2023-11-01,2023-11-30,Virginia Beach,Virginia,442500.0,354900.0,225.86618876941455,215.3846153846154,214.0,245.0,230.0,413.0,1.9,25.0,0.9959730247987209,0.3457943925233644,0.4163265306122448,1431821.0
2021-11-01,2021-11-30,Virginia Beach,Virginia,246500.0,319000.0,173.68814883224104,188.54961832061068,138.0,154.0,102.0,159.0,1.2,26.0,1.0049091343894914,0.3985507246376811,0.5909090909090909,1431821.0
2024-06-01,2024-06-30,Virginia Beach,Virginia,330000.0,399999.0,227.125243348475,229.76153326051903,99.0,140.0,146.0,234.0,2.4,28.0,1.0019200322570967,0.4141414141414141,0.5928571428571427,1431821.0
2023-08-01,2023-08-31,Virginia Beach,Virginia,275000.0,375250.0,187.98751950078,217.72784019975032,109.0,122.0,115.0,86.0,0.8,15.0,1.0206360092288966,0.5779816513761467,0.762295081967213,1431821.0
2020-06-01,2020-06-30,Virginia Beach,Virginia,200000.0,306750.0,138.81766381766383,166.82583818456592,155.0,187.0,153.0,176.0,1.1,23.0,0.9948587432212124,0.2580645161290322,0.6631016042780749,1431821.0
2020-09-01,2020-09-30,Virginia Beach,Virginia,216000.0,295000.0,140.597539543058,170.24048096192385,141.0,169.0,158.0,165.0,1.2,22.0,1.0055325202919438,0.4680851063829787,0.7633136094674556,1431821.0
2020-04-01,2020-04-30,Virginia Beach,Virginia,217400.0,290000.0,143.7830687830688,165.7314842039923,1.0,1.0,4.0,8.0,8.0,15.0,1.0,0.0,1.0,1431821.0
2022-05-01,2022-05-31,Virginia Beach,Virginia,642500.0,335000.0,248.45457650273227,201.74857812703513,4.0,3.0,1.0,3.0,0.8,13.0,0.9850307125307124,0.25,0.6666666666666666,1431821.0
2021-04-01,2021-04-30,Virginia Beach,Virginia,240000.0,310000.0,130.8720930232558,179.35345824658802,3.0,3.0,4.0,6.0,2.0,17.0,1.0223703703703704,0.6666666666666666,0.6666666666666666,1431821.0
2023-09-01,2023-09-30,Virginia Beach,Virginia,415000.0,360000.0,,216.90037997447504,1.0,2.0,4.0,5.0,5.0,5.0,1.0506329113924051,1.0,1.0,1431821.0
2023-10-01,2023-10-31,Virginia Beach,Virginia,365500.0,362750.0,218.3753675143589,216.27056119980648,460.0,459.0,482.0,704.0,1.5,24.0,1.00042179422222,0.3891304347826086,0.588235294117647,1431821.0
2022-12-01,2022-12-31,Virginia Beach,Virginia,345000.0,,169.78346456692913,,1.0,,,1.0,1.0,13.0,0.9857142857142857,0.0,,1431821.0
2024-08-01,2024-08-31,Virginia Beach,Virginia,435000.0,385000.0,240.8912978018669,230.11508951406648,319.0,349.0,351.0,451.0,1.4,21.0,0.9997220992038592,0.4357366771159874,0.5673352435530085,1431821.0
2024-02-01,2024-02-29,Virginia Beach,Virginia,280000.0,379900.0,198.152930997188,223.07692307692307,76.0,86.0,76.0,52.0,0.6999999999999998,19.0,1.008031889332469,0.4868421052631579,0.627906976744186,1431821.0
2020-01-01,2020-01-31,Virginia Beach,Virginia,174707.5,275000.0,121.66893115942028,159.5593461265103,90.0,130.0,158.0,197.0,2.2,40.0,0.98414785050797,0.1666666666666666,0.5538461538461538,1431821.0
2022-09-01,2022-09-30,Virginia Beach,Virginia,285000.0,330000.0,205.18396011309397,202.6138937334981,148.0,126.0,126.0,156.0,1.1,26.0,1.001912891320398,0.3986486486486486,0.5952380952380952,1431821.0
2022-02-01,2022-02-28,Virginia Beach,Virginia,382500.0,335000.0,213.40497628037565,194.1176470588235,302.0,369.0,343.0,221.0,0.6999999999999998,19.0,1.0164851553137313,0.5496688741721854,0.7967479674796748,1431821.0
2024-02-01,2024-02-29,Virginia Beach,Virginia,354590.0,379900.0,215.88946459412784,223.07692307692307,425.0,536.0,486.0,582.0,1.4,28.0,1.0037310971299604,0.4,0.5708955223880597,1431821.0
2024-02-01,2024-02-29,Virginia Beach,Virginia,405000.0,379900.0,225.6317689530686,223.07692307692307,247.0,311.0,276.0,327.0,1.3,28.0,1.0050631794367202,0.4048582995951416,0.5627009646302251,1431821.0
2024-03-01,2024-03-31,Virginia Beach,Virginia,535000.0,369900.0,210.71428571428572,220.57178371659415,3.0,,1.0,2.0,0.6999999999999998,49.0,0.981326734145773,0.3333333333333333,,1431821.0
2021-10-01,2021-10-31,Virginia Beach,Virginia,259950.0,324900.0,181.5966043890866,189.75903614457832,182.0,174.0,148.0,213.0,1.2,31.0,1.0009601467417275,0.4010989010989011,0.603448275862069,1431821.0
2023-12-01,2023-12-31,Virginia Beach,Virginia,360000.0,355000.0,212.08487084870848,216.8000641022996,383.0,394.0,263.0,601.0,1.6,31.0,0.9985521117160084,0.3080939947780678,0.3477157360406091,1431821.0
2022-10-01,2022-10-31,Virginia Beach,Virginia,275000.0,339000.0,198.0456589415427,207.5178997613365,109.0,114.0,100.0,152.0,1.4,24.0,1.0048823892526315,0.4311926605504587,0.5789473684210527,1431821.0
2024-11-01,2024-11-30,Virginia Beach,Virginia,725000.0,390000.0,319.60227272727275,233.91812865497076,3.0,1.0,6.0,8.0,2.7,57.0,0.9666666666666666,0.0,1.0,1431821.0
2020-07-01,2020-07-31,Virginia Beach,Virginia,309750.0,299900.0,166.66666666666666,167.45406824146983,1016.0,1058.0,935.0,1196.0,1.2,28.0,0.993555220865364,0.3139763779527559,0.6219281663516067,1431821.0
2023-07-01,2023-07-31,Virginia Beach,Virginia,660000.0,372450.0,238.0952380952381,212.52861347285807,1.0,2.0,2.0,4.0,4.0,,1.0,0.0,1.0,1431821.0
2020-06-01,2020-06-30,Virginia Beach,Virginia,239950.0,306750.0,164.6557842441448,166.82583818456592,128.0,198.0,166.0,299.0,2.3,33.0,0.9830392375352152,0.203125,0.4848484848484848,1431821.0
2022-06-01,2022-06-30,Virginia Beach,Virginia,245500.0,345000.0,203.49525065071157,204.80595121204777,144.0,170.0,193.0,208.0,1.4,22.0,1.0279892319711252,0.5902777777777777,0.7058823529411765,1431821.0
2021-12-01,2021-12-31,Virginia Beach,Virginia,649000.0,,214.54545454545453,,3.0,1.0,,2.0,0.6999999999999998,73.0,1.0322760155815247,0.3333333333333333,0.0,1431821.0
2023-06-01,2023-06-30,Virginia Beach,Virginia,250000.0,368200.0,175.07002801120447,214.4209117238163,1.0,1.0,2.0,4.0,4.0,21.0,1.0,0.0,1.0,1431821.0
2020-05-01,2020-05-31,Virginia Beach,Virginia,510000.0,310440.0,248.78048780487805,167.3390557939914,1.0,5.0,1.0,5.0,5.0,29.0,0.9807692307692308,0.0,0.2,1431821.0
2020-04-01,2020-04-30,Virginia Beach,Virginia,338000.0,290000.0,170.0,165.7314842039923,421.0,491.0,465.0,825.0,2.0,26.0,0.9916745665142784,0.2684085510688836,0.5519348268839103,1431821.0
2023-12-01,2023-12-31,Virginia Beach,Virginia,283000.0,355000.0,213.23992723504432,216.8000641022996,76.0,72.0,51.0,180.0,2.4,33.0,1.0004125374789397,0.3421052631578947,0.2638888888888889,1431821.0
2024-03-01,2024-03-31,Virginia Beach,Virginia,265000.0,369900.0,190.13360739979444,220.57178371659415,73.0,103.0,94.0,59.0,0.8,14.0,1.0078069790730206,0.5753424657534246,0.7766990291262135,1431821.0
2022-06-01,2022-06-30,Virginia Beach,Virginia,410000.0,345000.0,215.8847184986595,204.80595121204777,481.0,515.0,579.0,518.0,1.1,15.0,1.0288300104651398,0.6798336798336798,0.7417475728155339,1431821.0
2024-11-01,2024-11-30,Virginia Beach,Virginia,449950.0,390000.0,247.62369802445508,233.91812865497076,234.0,271.0,234.0,398.0,1.7,20.0,1.0012312518634026,0.4316239316239316,0.4833948339483394,1431821.0
2022-07-01,2022-07-31,Virginia Beach,Virginia,340000.0,335000.0,203.78688986152704,202.6143790849673,724.0,791.0,733.0,858.0,1.2,19.0,1.0151591844375096,0.5676795580110497,0.6194690265486725,1431821.0
2024-01-01,2024-01-31,Virginia Beach,Virginia,407500.0,360000.0,224.13793103448276,224.3694726498526,199.0,312.0,228.0,327.0,1.6,43.0,0.9898949772591684,0.2613065326633166,0.4711538461538461,1431821.0
2023-10-01,2023-10-31,Virginia Beach,Virginia,850000.0,362750.0,305.9039461609055,216.27056119980648,3.0,3.0,3.0,6.0,2.0,21.0,0.9346393835160772,0.0,0.3333333333333333,1431821.0
2020-06-01,2020-06-30,Virginia Beach,Virginia,282900.0,306750.0,164.22889986619538,166.82583818456592,801.0,1073.0,870.0,1234.0,1.5,26.0,0.9924161441377864,0.2671660424469413,0.5871388630009319,1431821.0
2023-12-01,2023-12-31,Virginia Beach,Virginia,437000.0,355000.0,222.73050726847617,216.8000641022996,222.0,242.0,157.0,355.0,1.6,34.0,0.9956686795768344,0.2567567567567567,0.3099173553719008,1431821.0
2023-10-01,2023-10-31,Virginia Beach,Virginia,418450.0,362750.0,225.10806916426515,216.27056119980648,266.0,272.0,275.0,430.0,1.6,27.0,0.9997119420155252,0.3496240601503759,0.5551470588235294,1431821.0
2024-11-01,2024-11-30,Virginia Beach,Virginia,365500.0,390000.0,233.11492921749897,233.91812865497076,92.0,130.0,112.0,265.0,2.9,32.0,0.991830590167169,0.2391304347826087,0.4461538461538461,1431821.0
2023-02-01,2023-02-28,Virginia Beach,Virginia,385000.0,349000.0,211.07540433065287,210.38241273468952,248.0,316.0,252.0,300.0,1.2,27.0,0.9998931004005704,0.3830645161290322,0.5917721518987342,1431821.0
2020-02-01,2020-02-29,Virginia Beach,Virginia,275000.0,292500.0,157.2153110047847,161.98514517218095,543.0,780.0,703.0,1269.0,2.3,47.0,0.9875117300830352,0.2136279926335175,0.5512820512820513,1431821.0
2020-04-01,2020-04-30,Virginia Beach,Virginia,230000.0,290000.0,152.85996055226823,165.7314842039923,125.0,124.0,139.0,296.0,2.4,30.0,0.9910959327608702,0.264,0.5,1431821.0
2024-07-01,2024-07-31,Virginia Beach,Virginia,270000.0,389750.0,196.3727234421087,227.6917781274587,98.0,107.0,115.0,90.0,0.9,18.0,1.009988216089192,0.5306122448979592,0.7570093457943925,1431821.0
2021-11-01,2021-11-30,Virginia Beach,Virginia,386000.0,319000.0,202.1599730003375,188.54961832061068,435.0,496.0,356.0,382.0,0.9,21.0,1.0085442434429808,0.5149425287356321,0.6108870967741935,1431821.0
2021-09-01,2021-09-30,Virginia Beach,Virginia,225000.0,310000.0,153.125,185.5776123170116,187.0,195.0,160.0,171.0,0.9,20.0,1.0116283483423707,0.5614973262032085,0.6102564102564103,1431821.0
2022-01-01,2022-01-31,Virginia Beach,Virginia,319000.0,318500.0,191.9451585261354,192.98201754385968,551.0,638.0,504.0,413.0,0.6999999999999998,24.0,1.011096340241974,0.5154264972776769,0.6786833855799373,1431821.0
2022-04-01,2022-04-30,Virginia Beach,Virginia,355000.0,345000.0,205.7272898833996,201.95052331113223,684.0,808.0,875.0,656.0,1.0,13.0,1.035321726703474,0.6973684210526315,0.8118811881188119,1431821.0
2021-07-01,2021-07-31,Virginia Beach,Virginia,384500.0,310000.0,199.10935673314756,182.51273344651952,604.0,624.0,643.0,572.0,0.9,17.0,1.0241525912675866,0.6572847682119205,0.7323717948717948,1431821.0
2022-07-01,2022-07-31,Virginia Beach,Virginia,860000.0,335000.0,302.5,202.6143790849673,2.0,7.0,8.0,9.0,4.5,49.0,0.9803583667874276,0.5,0.5714285714285714,1431821.0
2021-01-01,2021-01-31,Virginia Beach,Virginia,202500.0,299900.0,146.02562664246108,173.5537190082645,120.0,160.0,143.0,140.0,1.2,27.0,1.0011929669218214,0.3916666666666666,0.6875,1431821.0
2023-06-01,2023-06-30,Virginia Beach,Virginia,375000.0,368200.0,217.83876500857633,214.4209117238163,658.0,635.0,624.0,590.0,0.9,19.0,1.0159658978117627,0.5911854103343464,0.6503937007874016,1431821.0
2020-01-01,2020-01-31,Virginia Beach,Virginia,236900.0,275000.0,155.45774647887325,159.5593461265103,71.0,137.0,126.0,261.0,3.7,48.0,0.984616597551595,0.1690140845070422,0.4306569343065693,1431821.0
2020-07-01,2020-07-31,Virginia Beach,Virginia,210000.0,299900.0,142.0584701946472,167.45406824146983,176.0,174.0,161.0,173.0,1.0,27.0,1.0018709645059427,0.3863636363636363,0.7126436781609194,1431821.0
2022-12-01,2022-12-31,Virginia Beach,Virginia,340000.0,329950.0,205.65714285714284,197.17081613633337,425.0,418.0,326.0,571.0,1.3,25.0,0.9958207555639084,0.3458823529411764,0.4760765550239234,1431821.0
2024-07-01,2024-07-31,Virginia Beach,Virginia,304000.0,389750.0,244.73684210526315,227.6917781274587,3.0,5.0,2.0,6.0,2.0,40.0,0.9992031011210788,0.6666666666666666,1.0,1431821.0
2021-02-01,2021-02-28,Virginia Beach,Virginia,200000.0,299900.0,143.59051036682615,177.1775412087912,130.0,173.0,135.0,112.0,0.9,21.0,1.0112529028548007,0.4692307692307692,0.6994219653179191,1431821.0
2023-01-01,2023-01-31,Virginia Beach,Virginia,299900.0,349900.0,219.9617822520507,212.7056154282473,66.0,98.0,89.0,143.0,2.2,26.0,1.001595472580297,0.3333333333333333,0.5612244897959183,1431821.0
2022-07-01,2022-07-31,Virginia Beach,Virginia,400000.0,335000.0,214.89001692047376,202.6143790849673,419.0,447.0,437.0,533.0,1.3,18.0,1.0137099608487747,0.5441527446300715,0.58165548098434,1431821.0
2022-04-01,2022-04-30,Virginia Beach,Virginia,425669.0,345000.0,232.772,201.95052331113223,4.0,3.0,4.0,4.0,1.0,26.0,0.9739120512820512,0.5,1.0,1431821.0
2023-01-01,2023-01-31,Virginia Beach,Virginia,333000.0,349900.0,200.6783493499152,212.7056154282473,353.0,538.0,391.0,541.0,1.5,31.0,0.9958806514117012,0.2804532577903682,0.5092936802973977,1431821.0
2021-11-01,2021-11-30,Virginia Beach,Virginia,320000.0,319000.0,187.5901875901876,188.54961832061068,737.0,818.0,577.0,663.0,0.9,22.0,1.0087015462118094,0.4898236092265942,0.6246943765281173,1431821.0
2021-07-01,2021-07-31,Virginia Beach,Virginia,250750.0,310000.0,168.31683168316832,182.51273344651952,211.0,209.0,216.0,256.0,1.2,24.0,1.0165047343505544,0.4739336492890995,0.6889952153110048,1431821.0
2024-03-01,2024-03-31,Virginia Beach,Virginia,374000.0,369900.0,221.32796780684103,220.57178371659415,463.0,590.0,504.0,556.0,1.2,24.0,1.0013895770206267,0.4535637149028077,0.6525423728813559,1431821.0
2022-09-01,2022-09-30,Virginia Beach,Virginia,402500.0,330000.0,219.20135938827528,202.6138937334981,367.0,339.0,317.0,459.0,1.3,25.0,1.0032693632220373,0.4032697547683923,0.5545722713864307,1431821.0
2024-09-01,2024-09-30,Virginia Beach,Virginia,325025.0,389450.0,221.42746824201708,229.88505747126436,100.0,135.0,137.0,298.0,3.0,33.0,0.99100947264583,0.26,0.5037037037037037,1431821.0
2023-07-01,2023-07-31,Virginia Beach,Virginia,257500.0,372450.0,185.6060606060606,212.52861347285807,111.0,136.0,111.0,69.0,0.5999999999999999,17.0,1.017343256874076,0.6576576576576577,0.7720588235294118,1431821.0
2022-03-01,2022-03-31,Virginia Beach,Virginia,257350.0,349000.0,171.61010486869623,199.33554817275748,2.0,3.0,3.0,3.0,1.5,5.0,1.0175438596491229,0.5,1.0,1431821.0
2024-05-01,2024-05-31,Virginia Beach,Virginia,280000.0,389999.0,200.74349442379184,230.76923076923077,97.0,110.0,113.0,80.0,0.8,14.0,1.0148725780304089,0.6082474226804123,0.7545454545454545,1431821.0
2020-09-01,2020-09-30,Virginia Beach,Virginia,313000.0,295000.0,170.54263565891472,170.24048096192385,893.0,960.0,893.0,1068.0,1.2,26.0,0.9983614134060076,0.3773796192609182,0.690625,1431821.0
2024-09-01,2024-09-30,Virginia Beach,Virginia,278200.0,389450.0,198.70535730227945,229.88505747126436,74.0,105.0,97.0,112.0,1.5,22.0,1.0039378965079395,0.5,0.6095238095238095,1431821.0
2022-02-01,2022-02-28,Virginia Beach,Virginia,230000.0,335000.0,166.30611141157382,194.1176470588235,121.0,129.0,130.0,70.0,0.5999999999999999,19.0,1.0284356873321168,0.6694214876033057,0.8682170542635658,1431821.0
2020-11-01,2020-11-30,Virginia Beach,Virginia,355000.0,279900.0,177.9036732596969,168.7633262260128,450.0,480.0,345.0,499.0,1.1,22.0,1.0002453179980189,0.411111111111111,0.6312499999999999,1431821.0
2022-09-01,2022-09-30,Virginia Beach,Virginia,250000.0,330000.0,173.30016583747928,202.6138937334981,153.0,131.0,118.0,97.0,0.5999999999999999,22.0,1.0130658721901702,0.5163398692810458,0.6412213740458014,1431821.0
2022-08-01,2022-08-31,Virginia Beach,Virginia,290000.0,340000.0,175.544794188862,207.04138644710025,5.0,10.0,4.0,9.0,1.8,13.0,1.0319524862576608,0.4,0.5,1431821.0
2021-02-01,2021-02-28,Virginia Beach,Virginia,255000.0,299900.0,166.07748570595356,177.1775412087912,126.0,181.0,133.0,206.0,1.6,31.0,0.9965002671992832,0.3333333333333333,0.5580110497237569,1431821.0
