period_begin,period_end,city,state,property_type_id,median_sale_price,median_list_price,median_ppsf,median_list_ppsf,homes_sold,pending_sales,new_listings,inventory,months_of_supply,median_dom,avg_sale_to_list,sold_above_list,off_market_in_two_weeks,parent_metro_region,parent_metro_region_metro_code,year,price_to_rent_ratio,population
2024-07-01,2024-07-31,Houston,Texas,3,159000.0,340000.0,150.39708247699045,181.52328334648777,170.0,185.0,270.0,1074.0,6.3,57.0,0.9545491194116028,0.0529411764705882,0.1243243243243243,"Houston, TX",26420,2024,0.17819706498951782,6046392.0
2022-04-01,2022-04-30,Houston,Texas,4,343990.0,359900.0,161.81988742964353,183.96591789310608,29.0,55.0,68.0,113.0,3.9,50.0,0.9769835689400544,0.2758620689655172,0.4363636363636363,"Houston, TX",26420,2022,0.08718761204298575,6046392.0
2024-07-01,2024-07-31,Houston,Texas,13,320000.0,340000.0,181.06697593505365,181.52328334648777,189.0,194.0,280.0,802.0,4.2,34.0,0.9665867524601408,0.0793650793650793,0.2783505154639175,"Houston, TX",26420,2024,0.08854166666666667,6046392.0
2021-12-01,2021-12-31,Houston,Texas,4,419500.0,310000.0,160.5447247706422,168.8431511710433,45.0,42.0,36.0,124.0,2.8,42.0,0.9476586499685546,0.0,0.2142857142857142,"Houston, TX",26420,2021,0.06158124751688518,6046392.0
2024-06-01,2024-06-30,Houston,Texas,13,320000.0,350000.0,176.53890824622533,189.50437317784252,207.0,220.0,330.0,781.0,3.8,35.0,0.9775162190218448,0.1111111111111111,0.3227272727272727,"Houston, TX",26420,2024,0.09114583333333333,6046392.0
2023-11-01,2023-11-30,Houston,Texas,6,350000.0,324999.5,181.5560942562146,182.24868126378067,1144.0,1196.0,1565.0,4590.0,4.0,32.0,0.9737177844800876,0.1713286713286713,0.2934782608695652,"Houston, TX",26420,2023,0.07738083333333333,6046392.0
2022-11-01,2022-11-30,Houston,Texas,4,374847.5,325000.0,160.14936409346348,176.14571092831963,24.0,20.0,46.0,173.0,7.2,44.0,0.958576850648972,0.0833333333333333,0.25,"Houston, TX",26420,2022,0.07225160454140239,6046392.0
2021-11-01,2021-11-30,Houston,Texas,3,154500.0,315000.0,144.23076923076923,169.40179989412388,245.0,299.0,260.0,822.0,3.4,47.0,0.9615210922697336,0.0857142857142857,0.2240802675585284,"Houston, TX",26420,2021,0.16990291262135923,6046392.0
2023-11-01,2023-11-30,Houston,Texas,3,149950.0,324999.5,161.0330098369314,182.24868126378067,152.0,200.0,245.0,813.0,5.3,40.0,0.960970931275115,0.0921052631578947,0.31,"Houston, TX",26420,2023,0.18061548293875737,6046392.0
2021-09-01,2021-09-30,Houston,Texas,6,322000.0,315000.0,158.81578947368422,167.92994544932532,1819.0,2153.0,2104.0,4294.0,2.4,22.0,0.984968578649224,0.2660802638812534,0.362749651648862,"Houston, TX",26420,2021,0.08152173913043478,6046392.0
2022-07-01,2022-07-31,Houston,Texas,3,162000.0,339900.0,155.40540540540542,176.91702713330713,211.0,270.0,341.0,707.0,3.4,23.0,0.9731713726272054,0.1563981042654028,0.411111111111111,"Houston, TX",26420,2022,0.17484567901234568,6046392.0
2023-08-01,2023-08-31,Houston,Texas,3,169900.0,329250.0,161.96119915215442,179.84385450429593,205.0,245.0,342.0,766.0,3.7,33.0,0.9628819835427656,0.1170731707317073,0.2775510204081632,"Houston, TX",26420,2023,0.16149205414949971,6046392.0
2024-04-01,2024-04-30,Houston,Texas,4,489000.0,350000.0,185.78115857226447,190.13210804786868,45.0,55.0,107.0,290.0,6.4,57.0,0.9656295848789777,0.0888888888888888,0.2909090909090908,"Houston, TX",26420,2024,0.05964553510565781,6046392.0
2024-05-01,2024-05-31,Houston,Texas,13,349895.0,349992.5,186.8843821578884,187.36365810898448,240.0,260.0,330.0,747.0,3.1,34.0,0.9750219863928224,0.1291666666666666,0.2807692307692307,"Houston, TX",26420,2024,0.08335655458542325,6046392.0
2020-04-01,2020-04-30,Houston,Texas,-1,269900.0,295000.0,135.61640503373118,147.8494623655914,1515.0,1702.0,2172.0,8218.0,5.4,40.0,0.9717330357475285,0.1359735973597359,0.2555816686251468,"Houston, TX",26420,2020,0.09108311720390268,6046392.0
2023-03-01,2023-03-31,Houston,Texas,6,354900.0,347900.0,177.56992200603824,189.46951558683404,1497.0,1870.0,2136.0,3984.0,2.7,37.0,0.9780103153028784,0.1930527722110888,0.3807486631016042,"Houston, TX",26420,2023,0.081689677843524,6046392.0
2020-03-01,2020-03-31,Houston,Texas,6,288000.0,299900.0,133.1641873082155,152.98507462686567,1524.0,1794.0,2162.0,5888.0,3.9,51.0,0.9734624731133232,0.1220472440944881,0.3093645484949832,"Houston, TX",26420,2020,0.08677662037037037,6046392.0
2024-09-01,2024-09-30,Houston,Texas,13,365000.0,349999.0,185.1851851851852,182.5,175.0,233.0,292.0,826.0,4.7,44.0,0.9678633247829121,0.0742857142857142,0.2746781115879828,"Houston, TX",26420,2024,0.07990844748858447,6046392.0
2022-04-01,2022-04-30,Houston,Texas,13,325000.0,359900.0,175.13736263736263,183.96591789310608,405.0,457.0,430.0,516.0,1.3,17.0,0.9932755848146788,0.3135802469135802,0.5185995623632385,"Houston, TX",26420,2022,0.09228205128205129,6046392.0
2022-01-01,2022-01-31,Houston,Texas,-1,307000.0,329900.0,160.18437225636524,174.51425247236764,1789.0,2952.0,2624.0,4617.0,2.6,32.0,0.9825594960701584,0.2275013974287311,0.3729674796747967,"Houston, TX",26420,2022,0.08954940282301846,6046392.0
2022-06-01,2022-06-30,Houston,Texas,4,349995.0,359000.0,163.26158336373587,180.60497241119575,38.0,50.0,68.0,132.0,3.5,24.0,0.9712436786692996,0.131578947368421,0.3599999999999999,"Houston, TX",26420,2022,0.08547741158207021,6046392.0
2021-11-01,2021-11-30,Houston,Texas,-1,320000.0,315000.0,163.65780445969125,169.40179989412388,2324.0,2768.0,2318.0,5415.0,2.3,31.0,0.9818610739193868,0.2147160068846815,0.3515173410404624,"Houston, TX",26420,2021,0.08203125,6046392.0
2022-10-01,2022-10-31,Houston,Texas,-1,324900.0,335000.0,172.85865311905792,178.18070067609096,1798.0,1881.0,2241.0,6002.0,3.3,29.0,0.97831760037384,0.1690767519466073,0.3242955874534821,"Houston, TX",26420,2022,0.08592387401251667,6046392.0
2022-10-01,2022-10-31,Houston,Texas,6,345000.0,335000.0,174.58523053746202,178.18070067609096,1340.0,1383.0,1726.0,4577.0,3.4,30.0,0.9792699220974416,0.1731343283582089,0.3398409255242226,"Houston, TX",26420,2022,0.08091787439613526,6046392.0
2024-01-01,2024-01-31,Houston,Texas,-1,310000.0,339999.5,170.03188097768333,187.6019575856444,1208.0,1868.0,2324.0,6035.0,5.0,48.0,0.9650179607040325,0.1142384105960264,0.2532119914346895,"Houston, TX",26420,2024,0.09139771505376344,6046392.0
2024-03-01,2024-03-31,Houston,Texas,13,330000.0,350000.0,176.444640494045,188.3482290632241,201.0,272.0,365.0,731.0,3.6,35.0,0.975233622468819,0.1691542288557214,0.3566176470588235,"Houston, TX",26420,2024,0.08838383838383838,6046392.0
2023-03-01,2023-03-31,Houston,Texas,4,368750.0,347900.0,160.58184143222508,189.46951558683404,36.0,58.0,89.0,185.0,5.1,36.0,0.9731659429790221,0.1666666666666666,0.293103448275862,"Houston, TX",26420,2023,0.07862146892655367,6046392.0
2021-12-01,2021-12-31,Houston,Texas,13,315000.0,310000.0,166.8552036199095,168.8431511710433,363.0,308.0,268.0,624.0,1.7,28.0,0.9856069053623222,0.1955922865013774,0.3311688311688311,"Houston, TX",26420,2021,0.082010582010582,6046392.0
2023-05-01,2023-05-31,Houston,Texas,6,375000.0,340000.0,187.1946396274539,186.18739635157544,1671.0,1934.0,2053.0,3936.0,2.4,25.0,0.9848700866324934,0.2447636146020347,0.4193381592554291,"Houston, TX",26420,2023,0.07555555555555556,6046392.0
2024-05-01,2024-05-31,Houston,Texas,4,402000.0,349992.5,169.71279373368145,187.36365810898448,42.0,65.0,92.0,296.0,7.0,31.0,0.9702283677322672,0.0952380952380952,0.2615384615384615,"Houston, TX",26420,2024,0.0725523424543947,6046392.0
2023-05-01,2023-05-31,Houston,Texas,3,155000.0,340000.0,150.5050505050505,186.18739635157544,215.0,319.0,335.0,652.0,3.0,24.0,0.966674602866102,0.1348837209302325,0.3793103448275861,"Houston, TX",26420,2023,0.1827956989247312,6046392.0
2021-06-01,2021-06-30,Houston,Texas,-1,326000.0,330000.0,165.83980860100263,168.21463198153202,3011.0,3208.0,3785.0,6054.0,2.0,17.0,0.9920354607921696,0.3062105612753238,0.4678927680798005,"Houston, TX",26420,2021,0.0843558282208589,6046392.0
2023-09-01,2023-09-30,Houston,Texas,-1,325000.0,336975.0,176.6731618086993,185.71742043037148,1753.0,1843.0,2516.0,6097.0,3.5,30.0,0.9734979984968432,0.1483171705647461,0.3407487791644058,"Houston, TX",26420,2023,0.08640384615384615,6046392.0
2022-11-01,2022-11-30,Houston,Texas,13,299709.0,325000.0,163.63636363636363,176.14571092831963,160.0,192.0,224.0,566.0,3.5,33.0,0.969360775057718,0.09375,0.3020833333333333,"Houston, TX",26420,2022,0.09036543224705743,6046392.0
2022-05-01,2022-05-31,Houston,Texas,6,390000.0,354450.0,185.37546944253347,183.67408815172263,2067.0,2311.0,2438.0,3370.0,1.6,12.0,1.003495079648964,0.4121915820029027,0.5681523150151448,"Houston, TX",26420,2022,0.07573717948717949,6046392.0
2024-09-01,2024-09-30,Houston,Texas,-1,350000.0,349999.0,179.62466487935657,182.5,1576.0,1960.0,2606.0,7688.0,4.9,44.0,0.9689081458056494,0.1300761421319796,0.2704081632653061,"Houston, TX",26420,2024,0.08333309523809523,6046392.0
2024-12-01,2024-12-31,Houston,Texas,3,177000.0,330000.0,167.86978915177852,182.4817518248175,164.0,186.0,206.0,957.0,5.8,54.0,0.9484351141868124,0.0365853658536585,0.1720430107526881,"Houston, TX",26420,2024,0.1553672316384181,6046392.0
2021-10-01,2021-10-31,Houston,Texas,13,290000.0,314900.0,154.05120105046765,167.20847747302528,331.0,404.0,358.0,789.0,2.4,35.0,0.9790706807598748,0.1268882175226586,0.3044554455445544,"Houston, TX",26420,2021,0.09048850574712644,6046392.0
2023-05-01,2023-05-31,Houston,Texas,-1,349000.0,340000.0,179.531739871549,186.18739635157544,2181.0,2599.0,2785.0,5274.0,2.4,24.0,0.9820527614902372,0.2265016047684548,0.4136206233166602,"Houston, TX",26420,2023,0.08118433619866285,6046392.0
2020-01-01,2020-01-31,Houston,Texas,-1,223000.0,285000.0,120.59955563846036,143.75752713841996,1288.0,2199.0,2714.0,7579.0,5.9,62.0,0.9650663055027868,0.0970496894409937,0.2282855843565256,"Houston, TX",26420,2020,0.10650224215246637,6046392.0
2024-09-01,2024-09-30,Houston,Texas,3,177500.0,349999.0,164.2251397613328,182.5,138.0,179.0,296.0,1122.0,8.099999999999998,66.0,0.9551552668895558,0.072463768115942,0.1843575418994413,"Houston, TX",26420,2024,0.16431877934272301,6046392.0
2022-02-01,2022-02-28,Houston,Texas,13,325000.0,330000.0,174.84342379958247,178.94839788681844,287.0,431.0,334.0,515.0,1.8,29.0,0.986593516796594,0.2473867595818815,0.4129930394431554,"Houston, TX",26420,2022,0.08461538461538462,6046392.0
2024-05-01,2024-05-31,Houston,Texas,3,198000.0,349992.5,176.40889156359813,187.36365810898448,205.0,228.0,361.0,1048.0,5.1,40.0,0.9579451102548608,0.0585365853658536,0.2280701754385964,"Houston, TX",26420,2024,0.14730324074074075,6046392.0
2020-08-01,2020-08-31,Houston,Texas,6,308500.0,299900.0,143.6303098942802,153.77487546621944,1772.0,2187.0,2168.0,5292.0,3.0,34.0,0.9751388139327444,0.1608352144469525,0.3621399176954732,"Houston, TX",26420,2020,0.08101026472177202,6046392.0
2021-04-01,2021-04-30,Houston,Texas,4,308000.0,345000.0,127.81484962406014,175.45787545787545,27.0,42.0,50.0,112.0,4.1,51.0,0.982689609249411,0.2222222222222222,0.4285714285714285,"Houston, TX",26420,2021,0.09334415584415584,6046392.0
2020-07-01,2020-07-31,Houston,Texas,13,286000.0,315000.0,153.6421052631579,160.17316017316017,293.0,339.0,408.0,1017.0,3.5,44.0,0.9714431517979184,0.1058020477815699,0.2920353982300885,"Houston, TX",26420,2020,0.09178321678321678,6046392.0
2022-09-01,2022-09-30,Houston,Texas,6,350000.0,335000.0,175.64534231200898,177.28801681850035,1521.0,1616.0,1909.0,4540.0,3.0,26.0,0.9797692196550738,0.2149901380670611,0.3434405940594059,"Houston, TX",26420,2022,0.07976190476190476,6046392.0
2021-02-01,2021-02-28,Houston,Texas,6,319000.0,315000.0,146.52157015157402,168.215675027646,1217.0,1869.0,1635.0,3721.0,3.1,42.0,0.9774175533291464,0.1676253081347575,0.3830925628678437,"Houston, TX",26420,2021,0.0822884012539185,6046392.0
2024-08-01,2024-08-31,Houston,Texas,-1,330000.0,345000.0,180.9649668006129,183.21633452418743,1647.0,1957.0,2908.0,7580.0,4.6,38.0,0.9714436886708472,0.1517911353976927,0.2876852324987225,"Houston, TX",26420,2024,0.08712121212121213,6046392.0
2023-01-01,2023-01-31,Houston,Texas,4,385000.0,330000.0,174.54710144927537,181.40104376595457,18.0,42.0,60.0,160.0,8.9,50.0,0.9456384107668464,0.2222222222222222,0.2619047619047619,"Houston, TX",26420,2023,0.07142857142857142,6046392.0
2020-05-01,2020-05-31,Houston,Texas,4,380000.0,312500.0,133.561872909699,158.9879518072289,14.0,28.0,30.0,132.0,9.4,93.0,0.9321399085300022,0.0714285714285714,0.2857142857142857,"Houston, TX",26420,2020,0.06853070175438597,6046392.0
2024-11-01,2024-11-30,Houston,Texas,13,299000.0,344000.0,169.04761904761904,182.68497330282227,150.0,168.0,242.0,834.0,5.6,43.0,0.962597225889867,0.1133333333333333,0.2023809523809523,"Houston, TX",26420,2024,0.09587513935340022,6046392.0
2021-11-01,2021-11-30,Houston,Texas,13,325000.0,315000.0,171.98404785643072,169.40179989412388,295.0,375.0,292.0,690.0,2.3,34.0,0.9820211704498664,0.1491525423728813,0.3253333333333333,"Houston, TX",26420,2021,0.08076923076923077,6046392.0
2022-12-01,2022-12-31,Houston,Texas,6,345000.0,313850.0,176.18285120249084,172.78342689954948,1174.0,1090.0,1131.0,4176.0,3.6,40.0,0.9702969709195404,0.1388415672913117,0.255045871559633,"Houston, TX",26420,2022,0.07580917874396136,6046392.0
2022-06-01,2022-06-30,Houston,Texas,6,370000.0,359000.0,184.74976891469345,180.60497241119575,1974.0,1993.0,2615.0,3959.0,2.0,13.0,1.00011576992964,0.3946301925025329,0.5193176116407426,"Houston, TX",26420,2022,0.08085585585585586,6046392.0
2021-03-01,2021-03-31,Houston,Texas,13,309000.0,330824.0,159.48275862068965,173.52941176470588,371.0,503.0,461.0,836.0,2.3,52.0,0.9790887374113036,0.1185983827493261,0.3300198807157057,"Houston, TX",26420,2021,0.08921898597626753,6046392.0
2022-03-01,2022-03-31,Houston,Texas,3,161500.0,350000.0,156.9441958782819,183.53969410050985,334.0,402.0,361.0,630.0,1.9,38.0,0.9713447664924116,0.1497005988023952,0.3681592039800994,"Houston, TX",26420,2022,0.18059855521155832,6046392.0
2023-08-01,2023-08-31,Houston,Texas,6,357250.0,329250.0,181.5558128588493,179.84385450429593,1564.0,1684.0,1935.0,4224.0,2.7,23.0,0.9783522919751204,0.2052429667519181,0.3592636579572446,"Houston, TX",26420,2023,0.07680195941217635,6046392.0
2022-05-01,2022-05-31,Houston,Texas,3,177500.0,354450.0,164.28571428571428,183.67408815172263,333.0,355.0,349.0,637.0,1.9,22.0,0.9821195310098624,0.2492492492492492,0.4197183098591549,"Houston, TX",26420,2022,0.16640845070422536,6046392.0
2022-08-01,2022-08-31,Houston,Texas,13,313500.0,325000.0,176.84056315645716,174.5929865313691,264.0,305.0,321.0,630.0,2.4,20.0,0.9843167297646088,0.2348484848484848,0.3672131147540983,"Houston, TX",26420,2022,0.08639021796916534,6046392.0
2022-07-01,2022-07-31,Houston,Texas,-1,333500.0,339900.0,174.3119266055046,176.91702713330713,2137.0,2273.0,3018.0,5898.0,2.8,16.0,0.9920387601980584,0.3158633598502573,0.4161900571931368,"Houston, TX",26420,2022,0.08493253373313343,6046392.0
2021-12-01,2021-12-31,Houston,Texas,-1,323000.0,310000.0,168.5946197915157,168.8431511710433,2648.0,2314.0,1946.0,4895.0,1.8,31.0,0.9827986169446264,0.2129909365558912,0.3353500432152117,"Houston, TX",26420,2021,0.07997936016511868,6046392.0
2020-12-01,2020-12-31,Houston,Texas,-1,294000.0,285000.0,149.23619271445358,152.92581211589112,2550.0,2215.0,1922.0,6170.0,2.4,38.0,0.9731727032130972,0.1447058823529411,0.2898419864559819,"Houston, TX",26420,2020,0.08078231292517007,6046392.0
2024-06-01,2024-06-30,Houston,Texas,3,172050.0,350000.0,162.09893048128342,189.50437317784252,177.0,232.0,333.0,1071.0,6.1,42.0,0.9581033677819472,0.0734463276836158,0.2284482758620689,"Houston, TX",26420,2024,0.16952436307275018,6046392.0
2023-02-01,2023-02-28,Houston,Texas,-1,319000.0,334900.0,168.4212962962963,182.7586206896552,1471.0,2125.0,2132.0,5131.0,3.5,44.0,0.9726021879662532,0.1461590754588715,0.3341176470588235,"Houston, TX",26420,2023,0.08748693834900731,6046392.0
2020-07-01,2020-07-31,Houston,Texas,6,312300.0,315000.0,140.35744711468175,160.17316017316017,2122.0,2293.0,2398.0,5470.0,2.6,42.0,0.9755329488061928,0.1555136663524976,0.3506323593545573,"Houston, TX",26420,2020,0.08405379442843419,6046392.0
2023-01-01,2023-01-31,Houston,Texas,13,302500.0,330000.0,160.16713091922006,181.40104376595457,142.0,217.0,223.0,489.0,3.4,53.0,0.9746395255353948,0.1126760563380281,0.3271889400921659,"Houston, TX",26420,2023,0.09090909090909091,6046392.0
2022-03-01,2022-03-31,Houston,Texas,13,318500.0,350000.0,168.19122052817755,183.53969410050985,390.0,480.0,431.0,507.0,1.3,22.0,0.9849969336755976,0.258974358974359,0.4416666666666666,"Houston, TX",26420,2022,0.09157509157509157,6046392.0
2024-11-01,2024-11-30,Houston,Texas,3,155000.0,344000.0,160.78188701223064,182.68497330282227,148.0,175.0,206.0,1080.0,7.3,64.0,0.9539136279879774,0.0608108108108108,0.12,"Houston, TX",26420,2024,0.18494623655913978,6046392.0
2024-11-01,2024-11-30,Houston,Texas,4,469950.0,344000.0,181.91056910569105,182.68497330282227,46.0,74.0,106.0,344.0,7.5,51.0,0.9769469626086336,0.217391304347826,0.2567567567567567,"Houston, TX",26420,2024,0.06099939709898216,6046392.0
2021-09-01,2021-09-30,Houston,Texas,13,300000.0,315000.0,155.75974899148363,167.92994544932532,312.0,369.0,344.0,834.0,2.7,27.0,0.9848834803818454,0.173076923076923,0.3279132791327913,"Houston, TX",26420,2021,0.0875,6046392.0
2022-01-01,2022-01-31,Houston,Texas,3,140000.0,329900.0,137.79320737498725,174.51425247236764,196.0,332.0,334.0,704.0,3.6,51.0,0.967774582932261,0.1020408163265306,0.289156626506024,"Houston, TX",26420,2022,0.1963690476190476,6046392.0
2022-09-01,2022-09-30,Houston,Texas,-1,322990.0,335000.0,172.38932956360117,177.28801681850035,2004.0,2175.0,2541.0,6033.0,3.0,27.0,0.9780348626105004,0.2015968063872255,0.3439080459770114,"Houston, TX",26420,2022,0.08643198447836363,6046392.0
2022-07-01,2022-07-31,Houston,Texas,4,364900.0,339900.0,157.3913043478261,176.91702713330713,27.0,43.0,63.0,143.0,5.3,37.0,0.9668230757808765,0.1111111111111111,0.3255813953488372,"Houston, TX",26420,2022,0.07762400657714442,6046392.0
2020-10-01,2020-10-31,Houston,Texas,-1,275000.0,295499.5,140.2930975914723,155.249343832021,2318.0,2747.0,2897.0,7177.0,3.1,36.0,0.9740666491210388,0.1475409836065573,0.3465598835092828,"Houston, TX",26420,2020,0.08954530303030303,6046392.0
2022-05-01,2022-05-31,Houston,Texas,13,344500.0,354450.0,178.04754678806273,183.67408815172263,356.0,402.0,374.0,507.0,1.4,17.0,0.9974048783330548,0.3651685393258427,0.4701492537313433,"Houston, TX",26420,2022,0.08574020319303338,6046392.0
2021-05-01,2021-05-31,Houston,Texas,13,289450.0,329000.0,157.74000276700934,169.01408450704224,380.0,439.0,467.0,806.0,2.1,27.0,0.9814879589428772,0.2052631578947368,0.3849658314350797,"Houston, TX",26420,2021,0.0947198710197501,6046392.0
2020-08-01,2020-08-31,Houston,Texas,3,129250.0,299900.0,127.66911764705884,153.77487546621944,184.0,234.0,328.0,1066.0,5.8,49.0,0.957773564779526,0.0706521739130434,0.282051282051282,"Houston, TX",26420,2020,0.1933591231463572,6046392.0
2021-06-01,2021-06-30,Houston,Texas,13,313500.0,330000.0,163.1390168803092,168.21463198153202,422.0,422.0,505.0,845.0,2.0,26.0,0.9852450553995632,0.1966824644549763,0.4170616113744075,"Houston, TX",26420,2021,0.08771929824561403,6046392.0
2023-04-01,2023-04-30,Houston,Texas,-1,345000.0,359000.0,180.2536231884058,186.26639397480847,1876.0,2479.0,2613.0,5251.0,2.8,28.0,0.980241577251689,0.2126865671641791,0.4070189592577652,"Houston, TX",26420,2023,0.08671497584541063,6046392.0
2020-06-01,2020-06-30,Houston,Texas,6,290000.0,320000.0,133.41423948220066,160.81881735414345,1724.0,2420.0,2269.0,5566.0,3.2,47.0,0.972647465879729,0.1334106728538282,0.3264462809917355,"Houston, TX",26420,2020,0.09195402298850575,6046392.0
2021-01-01,2021-01-31,Houston,Texas,6,276895.0,304350.0,139.15005641218502,162.87730301842416,1235.0,2035.0,1912.0,3948.0,3.2,39.0,0.9775244701156852,0.1692307692307692,0.3336609336609336,"Houston, TX",26420,2021,0.0915960923815887,6046392.0
2024-02-01,2024-02-29,Houston,Texas,-1,340000.0,345000.0,178.73056300268095,184.48671010517785,1436.0,2112.0,2703.0,6347.0,4.4,48.0,0.9710290376635424,0.1406685236768802,0.3385416666666666,"Houston, TX",26420,2024,0.08455882352941177,6046392.0
2020-02-01,2020-02-29,Houston,Texas,13,289990.0,298000.0,147.9500891265597,153.17531305903398,195.0,300.0,356.0,1076.0,5.5,70.0,0.9622806030928288,0.0769230769230769,0.2266666666666666,"Houston, TX",26420,2020,0.08563513684379921,6046392.0
2024-09-01,2024-09-30,Houston,Texas,4,414000.0,349999.0,172.6086956521739,182.5,38.0,70.0,113.0,371.0,9.8,49.0,0.9648619259273576,0.0526315789473684,0.2285714285714285,"Houston, TX",26420,2024,0.0704506843800322,6046392.0
2020-10-01,2020-10-31,Houston,Texas,6,295000.0,295499.5,142.68783153720182,155.249343832021,1812.0,2135.0,2100.0,4945.0,2.7,33.0,0.9764864415134112,0.1605960264900662,0.3615925058548009,"Houston, TX",26420,2020,0.08347443502824858,6046392.0
2020-02-01,2020-02-29,Houston,Texas,-1,262500.0,298000.0,132.09393346379647,153.17531305903398,1625.0,2470.0,2835.0,7893.0,4.9,58.0,0.9666197114124656,0.1033846153846153,0.2919028340080971,"Houston, TX",26420,2020,0.0946031746031746,6046392.0
2023-06-01,2023-06-30,Houston,Texas,4,390000.0,349000.0,174.99975,183.784698655306,43.0,47.0,64.0,181.0,4.2,20.0,0.9851670328764288,0.2325581395348837,0.2340425531914893,"Houston, TX",26420,2023,0.07457264957264957,6046392.0
2023-06-01,2023-06-30,Houston,Texas,-1,345000.0,349000.0,181.23238018525976,183.784698655306,2249.0,2365.0,2884.0,5560.0,2.5,22.0,0.9803585535706864,0.2276567363272565,0.4126849894291754,"Houston, TX",26420,2023,0.08429951690821257,6046392.0
2023-08-01,2023-08-31,Houston,Texas,4,399000.0,329250.0,165.2173913043478,179.84385450429593,43.0,54.0,71.0,183.0,4.3,35.0,0.9670910876014948,0.1627906976744186,0.2592592592592592,"Houston, TX",26420,2023,0.068765664160401,6046392.0
2020-12-01,2020-12-31,Houston,Texas,6,312000.0,285000.0,151.39660057657176,152.92581211589112,2003.0,1709.0,1382.0,4152.0,2.1,36.0,0.9751635553357269,0.1622566150773839,0.3066120538326506,"Houston, TX",26420,2020,0.07612179487179487,6046392.0
2021-05-01,2021-05-31,Houston,Texas,3,155000.0,329000.0,149.5016611295681,169.01408450704224,295.0,383.0,376.0,985.0,3.3,45.0,0.9706216051934587,0.1322033898305084,0.2976501305483028,"Houston, TX",26420,2021,0.17688172043010753,6046392.0
2022-09-01,2022-09-30,Houston,Texas,4,475000.0,335000.0,180.0,177.28801681850035,35.0,49.0,72.0,175.0,5.0,22.0,0.9704181234135356,0.2285714285714285,0.2857142857142857,"Houston, TX",26420,2022,0.058771929824561406,6046392.0
2023-10-01,2023-10-31,Houston,Texas,3,174000.0,338770.0,171.25600099756844,185.749670342628,151.0,198.0,281.0,841.0,5.6,33.0,0.9588877060699368,0.0927152317880794,0.2626262626262626,"Houston, TX",26420,2023,0.16224616858237548,6046392.0
2020-08-01,2020-08-31,Houston,Texas,13,270995.0,299900.0,146.80749939325298,153.77487546621944,272.0,337.0,390.0,983.0,3.6,42.0,0.9705185938727864,0.0919117647058823,0.3382789317507418,"Houston, TX",26420,2020,0.09222187371230711,6046392.0
2023-10-01,2023-10-31,Houston,Texas,4,432500.0,338770.0,188.09980806142036,185.749670342628,44.0,36.0,66.0,198.0,4.5,52.0,0.9743446187901218,0.0909090909090909,0.2777777777777777,"Houston, TX",26420,2023,0.06527360308285164,6046392.0
2024-03-01,2024-03-31,Houston,Texas,4,460000.0,350000.0,174.62194886891308,188.3482290632241,54.0,64.0,100.0,261.0,4.8,21.0,0.975627443523755,0.1111111111111111,0.28125,"Houston, TX",26420,2024,0.06340579710144928,6046392.0
2021-03-01,2021-03-31,Houston,Texas,3,158000.0,330824.0,148.72944693572495,173.52941176470588,259.0,362.0,400.0,1024.0,4.0,55.0,0.9620781633339676,0.0463320463320463,0.2292817679558011,"Houston, TX",26420,2021,0.17448523206751054,6046392.0
2022-12-01,2022-12-31,Houston,Texas,3,146000.0,313850.0,147.8639277525619,172.78342689954948,170.0,191.0,153.0,593.0,3.5,37.0,0.9573771673191536,0.0588235294117647,0.2408376963350785,"Houston, TX",26420,2022,0.17913812785388128,6046392.0
2021-02-01,2021-02-28,Houston,Texas,3,133000.0,315000.0,137.71000116022742,168.215675027646,168.0,263.0,288.0,1019.0,6.1,52.0,0.953571807271376,0.0238095238095238,0.2661596958174904,"Houston, TX",26420,2021,0.19736842105263158,6046392.0
2023-05-01,2023-05-31,Houston,Texas,13,319900.0,340000.0,166.94915254237287,186.18739635157544,249.0,288.0,337.0,501.0,2.0,15.0,0.978478421885504,0.1927710843373494,0.4131944444444444,"Houston, TX",26420,2023,0.08856934458685006,6046392.0
2024-01-01,2024-01-31,Houston,Texas,13,272250.0,339999.5,157.2858843180204,187.6019575856444,110.0,204.0,283.0,654.0,5.9,57.0,0.9688410083444928,0.1,0.2549019607843137,"Houston, TX",26420,2024,0.10407086011631467,6046392.0
2023-04-01,2023-04-30,Houston,Texas,13,338750.0,359000.0,175.4310344827586,186.26639397480847,216.0,267.0,277.0,479.0,2.2,22.0,0.98001414260167,0.199074074074074,0.4531835205992509,"Houston, TX",26420,2023,0.08831488314883149,6046392.0
2023-01-01,2023-01-31,Houston,Texas,3,144000.0,330000.0,138.4943181818182,181.40104376595457,143.0,218.0,270.0,612.0,4.3,45.0,0.951719328715456,0.0699300699300699,0.3302752293577981,"Houston, TX",26420,2023,0.1909722222222222,6046392.0
2024-10-01,2024-10-31,Houston,Texas,4,429250.0,340000.0,181.18594436310397,188.04042672655808,38.0,63.0,107.0,361.0,9.5,57.0,0.9777874124417176,0.1052631578947368,0.2063492063492063,"Houston, TX",26420,2024,0.066006600660066,6046392.0
2023-09-01,2023-09-30,Houston,Texas,6,349000.0,336975.0,180.4979253112033,185.71742043037148,1317.0,1330.0,1870.0,4470.0,3.4,31.0,0.9751257090829946,0.164009111617312,0.3541353383458646,"Houston, TX",26420,2023,0.08046203438395415,6046392.0
2020-03-01,2020-03-31,Houston,Texas,4,267500.0,299900.0,113.55162881052,152.98507462686567,21.0,32.0,49.0,130.0,6.2,37.0,0.9580425292240162,0.0,0.375,"Houston, TX",26420,2020,0.09342679127725857,6046392.0
2022-10-01,2022-10-31,Houston,Texas,3,160000.0,335000.0,158.52951284474614,178.18070067609096,196.0,217.0,239.0,696.0,3.6,32.0,0.9678883057268098,0.1428571428571428,0.2903225806451613,"Houston, TX",26420,2022,0.17447916666666666,6046392.0
2023-10-01,2023-10-31,Houston,Texas,-1,329190.0,338770.0,178.85120483767523,185.749670342628,1546.0,1778.0,2420.0,6314.0,4.1,32.0,0.972988756449862,0.1545924967658473,0.3385826771653543,"Houston, TX",26420,2023,0.085758477880049,6046392.0
2021-10-01,2021-10-31,Houston,Texas,-1,307535.0,314900.0,156.44454072790293,167.20847747302528,2376.0,2898.0,2774.0,5958.0,2.5,30.0,0.984168941019232,0.226010101010101,0.362663906142167,"Houston, TX",26420,2021,0.08532904113894896,6046392.0
2022-05-01,2022-05-31,Houston,Texas,-1,355000.0,354450.0,182.05461638491548,183.67408815172263,2803.0,3131.0,3222.0,4633.0,1.7,14.0,0.9998753038231069,0.3845879414912593,0.5346534653465346,"Houston, TX",26420,2022,0.08320422535211268,6046392.0
2020-12-01,2020-12-31,Houston,Texas,13,281000.0,285000.0,149.38696394123758,152.92581211589112,314.0,263.0,282.0,933.0,3.0,39.0,0.9745445137944204,0.1050955414012738,0.2509505703422053,"Houston, TX",26420,2020,0.08451957295373666,6046392.0
2023-12-01,2023-12-31,Houston,Texas,6,345000.0,316870.0,189.3586705039219,179.9519522996912,1213.0,1152.0,1171.0,4305.0,3.5,41.0,0.975768097050276,0.1417971970321516,0.2621527777777777,"Houston, TX",26420,2023,0.07653864734299518,6046392.0
2020-02-01,2020-02-29,Houston,Texas,3,139950.0,298000.0,138.9445086108317,153.17531305903398,140.0,190.0,309.0,969.0,6.9,61.0,0.9540619737443468,0.0857142857142857,0.2473684210526315,"Houston, TX",26420,2020,0.1774443253542932,6046392.0
2020-04-01,2020-04-30,Houston,Texas,13,290000.0,295000.0,150.3835740072202,147.8494623655914,177.0,184.0,218.0,1074.0,6.1,54.0,0.971841874331478,0.0960451977401129,0.217391304347826,"Houston, TX",26420,2020,0.08477011494252873,6046392.0
2022-10-01,2022-10-31,Houston,Texas,13,310000.0,335000.0,166.8893158082127,178.18070067609096,226.0,231.0,230.0,567.0,2.5,26.0,0.9811713602791556,0.1769911504424778,0.2467532467532467,"Houston, TX",26420,2022,0.09005376344086022,6046392.0
2022-11-01,2022-11-30,Houston,Texas,3,145750.0,325000.0,134.46141752738936,176.14571092831963,164.0,181.0,193.0,669.0,4.1,34.0,0.964964283598672,0.0792682926829268,0.2762430939226519,"Houston, TX",26420,2022,0.18582046883933676,6046392.0
2024-08-01,2024-08-31,Houston,Texas,3,164000.0,345000.0,152.11640211640213,183.21633452418743,169.0,202.0,333.0,1091.0,6.5,60.0,0.9492299067329985,0.0769230769230769,0.1881188118811881,"Houston, TX",26420,2024,0.17530487804878048,6046392.0
2024-06-01,2024-06-30,Houston,Texas,4,438000.0,350000.0,182.84046692607004,189.50437317784252,39.0,44.0,94.0,322.0,8.3,73.0,0.960113726014732,0.1282051282051281,0.3181818181818181,"Houston, TX",26420,2024,0.06659056316590563,6046392.0
2022-06-01,2022-06-30,Houston,Texas,13,325000.0,359000.0,173.6572265625,180.60497241119575,347.0,315.0,435.0,617.0,1.8,17.0,0.9952491186025498,0.340057636887608,0.5047619047619047,"Houston, TX",26420,2022,0.09205128205128205,6046392.0
2024-10-01,2024-10-31,Houston,Texas,6,363900.0,340000.0,182.35029266096356,188.04042672655808,1354.0,1502.0,1940.0,5367.0,4.0,40.0,0.9760452522954528,0.1661742983751846,0.2942743009320905,"Houston, TX",26420,2024,0.07786021800861043,6046392.0
2022-01-01,2022-01-31,Houston,Texas,13,285000.0,329900.0,158.3034681859603,174.51425247236764,244.0,419.0,353.0,582.0,2.4,37.0,0.9812219144743176,0.1885245901639344,0.3818615751789976,"Houston, TX",26420,2022,0.09646198830409357,6046392.0
2022-07-01,2022-07-31,Houston,Texas,6,355000.0,339900.0,177.5352675006654,176.91702713330713,1636.0,1657.0,2247.0,4401.0,2.7,15.0,0.9950257648859954,0.3490220048899755,0.4188292094146047,"Houston, TX",26420,2022,0.0797887323943662,6046392.0
2024-01-01,2024-01-31,Houston,Texas,4,415000.0,339999.5,195.83333333333331,187.6019575856444,29.0,46.0,84.0,222.0,7.7,40.0,0.9698483251154604,0.1724137931034482,0.3043478260869565,"Houston, TX",26420,2024,0.06827299196787148,6046392.0
2020-05-01,2020-05-31,Houston,Texas,6,265000.0,312500.0,128.3978904163804,158.9879518072289,1176.0,2087.0,2137.0,5803.0,4.9,41.0,0.9695088243286296,0.1258503401360544,0.3181600383325347,"Houston, TX",26420,2020,0.09827044025157233,6046392.0
2022-01-01,2022-01-31,Houston,Texas,6,332000.0,329900.0,162.3672230652504,174.51425247236764,1321.0,2139.0,1887.0,3225.0,2.4,29.0,0.9851780984720524,0.2543527630582891,0.386161757830762,"Houston, TX",26420,2022,0.0828062248995984,6046392.0
2022-02-01,2022-02-28,Houston,Texas,3,175000.0,330000.0,166.88368055555554,178.94839788681844,230.0,339.0,311.0,687.0,3.0,45.0,0.973549338465406,0.1565217391304347,0.3746312684365781,"Houston, TX",26420,2022,0.15714285714285714,6046392.0
2023-02-01,2023-02-28,Houston,Texas,6,340990.0,334900.0,171.4824120603015,182.7586206896552,1121.0,1591.0,1581.0,3891.0,3.5,47.0,0.9744760255913272,0.1605709188224799,0.3318667504714016,"Houston, TX",26420,2023,0.0818450198930565,6046392.0
2022-12-01,2022-12-31,Houston,Texas,-1,317008.0,313850.0,171.606864274571,172.78342689954948,1543.0,1485.0,1467.0,5431.0,3.5,39.0,0.9700369992758484,0.1328580686973428,0.243097643097643,"Houston, TX",26420,2022,0.08250317552448728,6046392.0
2023-08-01,2023-08-31,Houston,Texas,13,315500.0,329250.0,180.85952880955503,179.84385450429593,216.0,265.0,360.0,631.0,2.9,21.0,0.9777548278364684,0.199074074074074,0.3886792452830188,"Houston, TX",26420,2023,0.08696513470681458,6046392.0
2024-12-01,2024-12-31,Houston,Texas,-1,354900.0,330000.0,183.5443037974684,182.4817518248175,1567.0,1442.0,1746.0,6631.0,4.2,49.0,0.9685068541243056,0.1155073388640714,0.2441054091539528,"Houston, TX",26420,2024,0.07748661594815441,6046392.0
2021-12-01,2021-12-31,Houston,Texas,6,342000.0,310000.0,171.88693659281896,168.8431511710433,1965.0,1693.0,1428.0,3429.0,1.7,29.0,0.9849776604675076,0.2366412213740458,0.3614884819846426,"Houston, TX",26420,2021,0.07553606237816764,6046392.0
2021-01-01,2021-01-31,Houston,Texas,-1,260000.0,304350.0,139.01098901098902,162.87730301842416,1611.0,2721.0,2706.0,6004.0,3.7,41.0,0.9729694069315888,0.1427684667908131,0.3182653436236677,"Houston, TX",26420,2021,0.09754807692307692,6046392.0
2022-09-01,2022-09-30,Houston,Texas,13,300000.0,335000.0,158.84598321564567,177.28801681850035,234.0,285.0,281.0,609.0,2.6,24.0,0.9792614816676368,0.1709401709401709,0.3473684210526316,"Houston, TX",26420,2022,0.09305555555555556,6046392.0
2024-04-01,2024-04-30,Houston,Texas,6,376000.0,350000.0,190.01085776330075,190.13210804786868,1555.0,1833.0,2211.0,4875.0,3.1,27.0,0.9807051595983812,0.2064308681672025,0.3802509547190398,"Houston, TX",26420,2024,0.0775709219858156,6046392.0
2021-07-01,2021-07-31,Houston,Texas,3,154000.0,319000.0,151.985559566787,162.80108534780464,293.0,352.0,391.0,990.0,3.4,45.0,0.9710855348091036,0.1160409556313993,0.2613636363636363,"Houston, TX",26420,2021,0.17261904761904762,6046392.0
2020-11-01,2020-11-30,Houston,Texas,4,336000.0,289000.0,136.01321585903085,155.15625,21.0,30.0,48.0,126.0,6.0,45.0,0.9440960878890704,0.1428571428571428,0.4,"Houston, TX",26420,2020,0.0716765873015873,6046392.0
2023-02-01,2023-02-28,Houston,Texas,3,160000.0,334900.0,152.5762396213238,182.7586206896552,156.0,229.0,251.0,612.0,3.9,37.0,0.967981475193454,0.1089743589743589,0.3187772925764192,"Houston, TX",26420,2023,0.17442708333333334,6046392.0
2020-03-01,2020-03-31,Houston,Texas,-1,274872.0,299900.0,135.59451219512195,152.98507462686567,1947.0,2260.0,2897.0,8156.0,4.2,51.0,0.9712292922818314,0.1119671289162814,0.2986725663716814,"Houston, TX",26420,2020,0.09092110752156154,6046392.0
2023-03-01,2023-03-31,Houston,Texas,-1,337875.0,347900.0,173.50157728706623,189.46951558683404,1970.0,2493.0,2863.0,5282.0,2.7,34.0,0.9766908016343834,0.1873096446700507,0.3902928198957079,"Houston, TX",26420,2023,0.08580589468491799,6046392.0
2020-12-01,2020-12-31,Houston,Texas,3,145000.0,285000.0,133.92857142857142,152.92581211589112,213.0,208.0,235.0,981.0,4.6,59.0,0.9529695235193378,0.0422535211267605,0.2067307692307692,"Houston, TX",26420,2020,0.16379310344827586,6046392.0
2024-05-01,2024-05-31,Houston,Texas,-1,360000.0,349992.5,189.43699173977075,187.36365810898448,2080.0,2235.0,2983.0,7182.0,3.5,31.0,0.976958799405968,0.1764423076923077,0.3387024608501118,"Houston, TX",26420,2024,0.08101678240740741,6046392.0
2021-12-01,2021-12-31,Houston,Texas,3,159000.0,310000.0,149.8881431767338,168.8431511710433,275.0,271.0,214.0,718.0,2.6,46.0,0.96927159620222,0.1018181818181818,0.1955719557195571,"Houston, TX",26420,2021,0.16247379454926625,6046392.0
2021-04-01,2021-04-30,Houston,Texas,-1,310000.0,345000.0,159.01497005988023,175.45787545787545,2749.0,3503.0,3591.0,5567.0,2.0,30.0,0.98517493608621,0.2368133866860676,0.4376248929489009,"Houston, TX",26420,2021,0.09274193548387097,6046392.0
2021-04-01,2021-04-30,Houston,Texas,6,335500.0,345000.0,159.75565815039687,175.45787545787545,2047.0,2609.0,2673.0,3645.0,1.8,24.0,0.9894777272774712,0.2784562774792379,0.4771943273284783,"Houston, TX",26420,2021,0.08569299552906111,6046392.0
2020-02-01,2020-02-29,Houston,Texas,6,270000.0,298000.0,129.98040496407577,153.17531305903398,1263.0,1945.0,2131.0,5724.0,4.5,57.0,0.9690739002762148,0.1108471892319873,0.3069408740359897,"Houston, TX",26420,2020,0.09197530864197531,6046392.0
2023-07-01,2023-07-31,Houston,Texas,6,360000.0,334999.0,182.7062169849655,183.37643282897756,1398.0,1790.0,2073.0,4254.0,3.0,21.0,0.9810654608080994,0.228898426323319,0.4184357541899441,"Houston, TX",26420,2023,0.07754606481481481,6046392.0
2021-10-01,2021-10-31,Houston,Texas,6,327125.0,314900.0,159.03995442314022,167.20847747302528,1788.0,2158.0,2028.0,4152.0,2.3,28.0,0.9872076556198334,0.2539149888143176,0.3873957367933271,"Houston, TX",26420,2021,0.08021908037192714,6046392.0
2024-10-01,2024-10-31,Houston,Texas,13,325000.0,340000.0,179.0486370924639,188.04042672655808,209.0,210.0,315.0,862.0,4.1,38.0,0.971130904123477,0.0813397129186602,0.2142857142857142,"Houston, TX",26420,2024,0.08717948717948718,6046392.0
2021-07-01,2021-07-31,Houston,Texas,6,336450.0,319000.0,161.47370283374852,162.80108534780464,2014.0,2220.0,2708.0,4521.0,2.2,15.0,0.9945646227966212,0.3386295928500496,0.4639639639639639,"Houston, TX",26420,2021,0.07901124486055382,6046392.0
2020-01-01,2020-01-31,Houston,Texas,13,204500.0,285000.0,118.80237217859606,143.75752713841996,174.0,290.0,337.0,1024.0,5.9,63.0,0.961410454637272,0.0689655172413793,0.1620689655172413,"Houston, TX",26420,2020,0.11613691931540342,6046392.0
2024-07-01,2024-07-31,Houston,Texas,6,385750.0,340000.0,187.7622064066928,181.52328334648777,1346.0,1307.0,1601.0,5113.0,3.8,28.0,0.979987296511688,0.1872213967310549,0.2785003825554705,"Houston, TX",26420,2024,0.073449989198531,6046392.0
2020-01-01,2020-01-31,Houston,Texas,3,122000.0,285000.0,131.49847094801223,143.75752713841996,143.0,194.0,269.0,898.0,6.3,67.0,0.9510052156203628,0.0419580419580419,0.1701030927835051,"Houston, TX",26420,2020,0.19467213114754098,6046392.0
2023-03-01,2023-03-31,Houston,Texas,3,168750.0,347900.0,161.4261315115286,189.46951558683404,206.0,280.0,307.0,619.0,3.0,26.0,0.966747060357518,0.1601941747572815,0.4178571428571428,"Houston, TX",26420,2023,0.17180246913580247,6046392.0
2023-08-01,2023-08-31,Houston,Texas,-1,335000.0,329250.0,179.01234567901236,179.84385450429593,2028.0,2248.0,2708.0,5804.0,2.9,25.0,0.9764851497597042,0.1947731755424063,0.3514234875444839,"Houston, TX",26420,2023,0.08190298507462687,6046392.0
2023-01-01,2023-01-31,Houston,Texas,-1,299500.0,330000.0,166.0081655377192,181.40104376595457,1133.0,1898.0,2095.0,5251.0,4.6,50.0,0.9663544171692644,0.116504854368932,0.2881981032665963,"Houston, TX",26420,2023,0.09181969949916527,6046392.0
2023-04-01,2023-04-30,Houston,Texas,3,185000.0,359000.0,184.86590038314176,186.26639397480847,206.0,252.0,296.0,648.0,3.1,33.0,0.9649551815486433,0.0922330097087378,0.373015873015873,"Houston, TX",26420,2023,0.16171171171171173,6046392.0
2021-11-01,2021-11-30,Houston,Texas,4,365000.0,315000.0,155.34979423868313,169.40179989412388,39.0,51.0,56.0,141.0,3.6,34.0,0.9618713223773412,0.0769230769230769,0.3333333333333333,"Houston, TX",26420,2021,0.07191780821917808,6046392.0
2024-02-01,2024-02-29,Houston,Texas,6,360000.0,345000.0,182.61504747991236,184.48671010517785,1108.0,1597.0,2023.0,4581.0,4.1,51.0,0.9735473649498692,0.1480144404332129,0.3537883531621791,"Houston, TX",26420,2024,0.0798611111111111,6046392.0
2022-04-01,2022-04-30,Houston,Texas,3,169800.0,359900.0,165.35776614310646,183.96591789310608,281.0,401.0,388.0,632.0,2.2,26.0,0.979584238135051,0.2064056939501779,0.3740648379052369,"Houston, TX",26420,2022,0.17662936788378483,6046392.0
2020-06-01,2020-06-30,Houston,Texas,3,149000.0,320000.0,141.84397163120568,160.81881735414345,169.0,261.0,320.0,1003.0,5.9,63.0,0.9524925835796298,0.0532544378698224,0.1915708812260536,"Houston, TX",26420,2020,0.1789709172259508,6046392.0
2020-05-01,2020-05-31,Houston,Texas,-1,250000.0,312500.0,129.9635379061372,158.9879518072289,1475.0,2641.0,2822.0,7996.0,5.4,44.0,0.9675189765405334,0.1098305084745762,0.2949640287769784,"Houston, TX",26420,2020,0.10416666666666667,6046392.0
2023-09-01,2023-09-30,Houston,Texas,3,158100.0,336975.0,160.66927828213738,185.71742043037148,191.0,229.0,298.0,817.0,4.3,36.0,0.964068164510972,0.0732984293193717,0.2925764192139738,"Houston, TX",26420,2023,0.17761701454775458,6046392.0
2024-07-01,2024-07-31,Houston,Texas,4,440600.0,340000.0,175.14373569794049,181.52328334648777,44.0,47.0,80.0,317.0,7.2,46.0,0.9773443402315284,0.1363636363636363,0.1914893617021276,"Houston, TX",26420,2024,0.06430624905431986,6046392.0
2020-05-01,2020-05-31,Houston,Texas,3,118000.0,312500.0,116.06888210501852,158.9879518072289,112.0,207.0,299.0,1020.0,9.1,49.0,0.9491721217682866,0.0625,0.1835748792270531,"Houston, TX",26420,2020,0.22069209039548024,6046392.0
2020-11-01,2020-11-30,Houston,Texas,6,309820.0,289000.0,145.53884900626755,155.15625,1567.0,1786.0,1642.0,4670.0,3.0,34.0,0.9790155442894584,0.1825143586470963,0.3325867861142217,"Houston, TX",26420,2020,0.07773330751188863,6046392.0
2020-09-01,2020-09-30,Houston,Texas,4,322500.0,299000.0,116.72891497389382,158.27448110645474,26.0,30.0,41.0,118.0,4.5,37.0,0.9413914744019792,0.1538461538461538,0.3666666666666666,"Houston, TX",26420,2020,0.0772609819121447,6046392.0
2022-06-01,2022-06-30,Houston,Texas,-1,344945.0,359000.0,179.1044776119403,180.60497241119575,2664.0,2636.0,3476.0,5382.0,2.0,15.0,0.9969236472600984,0.3592342342342342,0.4996206373292868,"Houston, TX",26420,2022,0.08672880217619235,6046392.0
2023-01-01,2023-01-31,Houston,Texas,6,320000.0,330000.0,169.41072774249113,181.40104376595457,830.0,1421.0,1542.0,3990.0,4.8,51.0,0.9679076947308874,0.1228915662650602,0.2765657987332864,"Houston, TX",26420,2023,0.0859375,6046392.0
2022-02-01,2022-02-28,Houston,Texas,-1,330000.0,330000.0,171.58018470702063,178.94839788681844,2106.0,3047.0,2651.0,4321.0,2.1,33.0,0.9861235487049762,0.2735042735042735,0.4571709878569084,"Houston, TX",26420,2022,0.08333333333333333,6046392.0
2021-02-01,2021-02-28,Houston,Texas,4,290000.0,315000.0,109.58692971639952,168.215675027646,13.0,43.0,52.0,122.0,9.4,24.0,0.9563527106788464,0.2307692307692307,0.5348837209302325,"Houston, TX",26420,2021,0.09051724137931035,6046392.0
2024-03-01,2024-03-31,Houston,Texas,-1,340000.0,350000.0,182.4964542674369,188.3482290632241,1804.0,2395.0,2951.0,6614.0,3.7,37.0,0.9715718946517072,0.1707317073170731,0.3607515657620041,"Houston, TX",26420,2024,0.0857843137254902,6046392.0
2022-10-01,2022-10-31,Houston,Texas,4,415000.0,335000.0,168.84667816270138,178.18070067609096,36.0,50.0,46.0,162.0,4.5,30.0,0.9817629677159012,0.1111111111111111,0.4,"Houston, TX",26420,2022,0.06726907630522089,6046392.0
2020-10-01,2020-10-31,Houston,Texas,3,137250.0,295499.5,135.05575213956553,155.249343832021,202.0,237.0,340.0,1097.0,5.4,50.0,0.9542042545142486,0.0792079207920792,0.1940928270042194,"Houston, TX",26420,2020,0.17941681845780205,6046392.0
2024-11-01,2024-11-30,Houston,Texas,-1,339370.0,344000.0,179.15194346289752,182.68497330282227,1430.0,1701.0,2141.0,7456.0,5.2,42.0,0.9699353658102012,0.144055944055944,0.2398589065255731,"Houston, TX",26420,2024,0.08447024388327391,6046392.0
2022-08-01,2022-08-31,Houston,Texas,3,149450.0,325000.0,144.8413849646821,174.5929865313691,236.0,287.0,332.0,702.0,3.0,20.0,0.9723525823758808,0.1610169491525423,0.337979094076655,"Houston, TX",26420,2022,0.18122002899520465,6046392.0
2022-01-01,2022-01-31,Houston,Texas,4,361770.0,329900.0,159.84167753859535,174.51425247236764,28.0,62.0,50.0,106.0,3.8,46.0,0.973827046183546,0.1785714285714285,0.3064516129032258,"Houston, TX",26420,2022,0.07599211285254905,6046392.0
2024-01-01,2024-01-31,Houston,Texas,6,328000.0,339999.5,174.12240473609606,187.6019575856444,941.0,1408.0,1629.0,4323.0,4.6,46.0,0.9660986331264196,0.1222104144527098,0.25,"Houston, TX",26420,2024,0.08638198678861789,6046392.0
2023-10-01,2023-10-31,Houston,Texas,13,338690.0,338770.0,183.64062042727537,185.749670342628,192.0,205.0,280.0,636.0,3.3,28.0,0.9713577666854296,0.0989583333333333,0.4,"Houston, TX",26420,2023,0.08335301701654414,6046392.0
2024-04-01,2024-04-30,Houston,Texas,13,350450.0,350000.0,181.40900722335488,190.13210804786868,238.0,300.0,339.0,734.0,3.1,30.0,0.9742009982601018,0.1554621848739495,0.2933333333333333,"Houston, TX",26420,2024,0.08322632805440625,6046392.0
2022-05-01,2022-05-31,Houston,Texas,4,404607.0,354450.0,178.76106194690266,183.67408815172263,47.0,63.0,61.0,119.0,2.5,28.0,0.9852728988241074,0.276595744680851,0.365079365079365,"Houston, TX",26420,2022,0.07300293865405195,6046392.0
2020-09-01,2020-09-30,Houston,Texas,-1,275995.0,299000.0,140.1364533495913,158.27448110645474,2232.0,2652.0,2785.0,7312.0,3.3,37.0,0.9744687971600708,0.1348566308243727,0.3348416289592759,"Houston, TX",26420,2020,0.09027941327439507,6046392.0
2020-12-01,2020-12-31,Houston,Texas,4,302500.0,285000.0,141.69673539518902,152.92581211589112,20.0,35.0,23.0,104.0,5.2,51.0,0.9675834338786672,0.1,0.2571428571428571,"Houston, TX",26420,2020,0.07851239669421488,6046392.0
2022-08-01,2022-08-31,Houston,Texas,-1,325000.0,325000.0,172.03628401626526,174.5929865313691,2107.0,2439.0,2741.0,5923.0,2.8,20.0,0.9830044379317788,0.2415757000474608,0.3542435424354243,"Houston, TX",26420,2022,0.08333333333333333,6046392.0
2021-05-01,2021-05-31,Houston,Texas,-1,319900.0,329000.0,165.74026089147162,169.01408450704224,2751.0,3328.0,3433.0,5653.0,2.1,21.0,0.9886188708901666,0.2780806979280262,0.4762620192307692,"Houston, TX",26420,2021,0.08570386579139315,6046392.0
2022-02-01,2022-02-28,Houston,Texas,6,350500.0,330000.0,171.97911739022123,178.94839788681844,1556.0,2224.0,1953.0,3008.0,1.9,33.0,0.9884804078881176,0.2975578406169666,0.4784172661870503,"Houston, TX",26420,2022,0.07845934379457917,6046392.0
2020-04-01,2020-04-30,Houston,Texas,4,301500.0,295000.0,119.099177132958,147.8494623655914,14.0,18.0,39.0,145.0,10.4,47.0,0.892824427297543,0.1428571428571428,0.2222222222222222,"Houston, TX",26420,2020,0.08153676064123826,6046392.0
2023-12-01,2023-12-31,Houston,Texas,13,310495.0,316870.0,169.91106546699962,179.9519522996912,174.0,161.0,191.0,637.0,3.7,42.0,0.9699349131129332,0.0632183908045977,0.2049689440993788,"Houston, TX",26420,2023,0.08504431096582339,6046392.0
2021-01-01,2021-01-31,Houston,Texas,13,274500.0,304350.0,153.23782470184267,162.87730301842416,186.0,374.0,378.0,918.0,4.9,54.0,0.965467040760924,0.0698924731182795,0.2914438502673796,"Houston, TX",26420,2021,0.09239526411657559,6046392.0
2020-08-01,2020-08-31,Houston,Texas,-1,289000.0,299900.0,141.34626131664243,153.77487546621944,2245.0,2790.0,2924.0,7456.0,3.3,36.0,0.972962835383518,0.1452115812917594,0.3526881720430107,"Houston, TX",26420,2020,0.08647635524798154,6046392.0
2024-10-01,2024-10-31,Houston,Texas,-1,346250.0,340000.0,181.0085108759484,188.04042672655808,1766.0,1975.0,2695.0,7749.0,4.4,41.0,0.973381864660014,0.144960362400906,0.270886075949367,"Houston, TX",26420,2024,0.08182912154031288,6046392.0
2020-03-01,2020-03-31,Houston,Texas,3,136500.0,299900.0,129.9967828236649,152.98507462686567,138.0,161.0,275.0,1003.0,7.3,47.0,0.955638421558875,0.0579710144927536,0.2236024844720497,"Houston, TX",26420,2020,0.18308913308913308,6046392.0
2023-12-01,2023-12-31,Houston,Texas,4,387000.0,316870.0,184.71056120194436,179.9519522996912,41.0,45.0,46.0,203.0,5.0,31.0,0.961313886949644,0.0975609756097561,0.1777777777777777,"Houston, TX",26420,2023,0.06823212747631352,6046392.0
2021-06-01,2021-06-30,Houston,Texas,3,153500.0,330000.0,158.94346679582392,168.21463198153202,290.0,345.0,415.0,1004.0,3.5,39.0,0.9734390844268273,0.1310344827586207,0.2898550724637681,"Houston, TX",26420,2021,0.1791530944625407,6046392.0
2023-07-01,2023-07-31,Houston,Texas,-1,335000.0,334999.0,179.31246277162543,183.37643282897756,1850.0,2368.0,2751.0,5683.0,3.1,22.0,0.9792871952684252,0.2108108108108108,0.4083614864864865,"Houston, TX",26420,2023,0.08333308457711443,6046392.0
2020-07-01,2020-07-31,Houston,Texas,3,149000.0,315000.0,144.20485175202157,160.17316017316017,223.0,244.0,347.0,1032.0,4.6,54.0,0.952649910772706,0.0538116591928251,0.2704918032786885,"Houston, TX",26420,2020,0.1761744966442953,6046392.0
2024-08-01,2024-08-31,Houston,Texas,13,315000.0,345000.0,177.82426778242677,183.21633452418743,177.0,217.0,341.0,835.0,4.7,33.0,0.9731801348633976,0.0960451977401129,0.2811059907834101,"Houston, TX",26420,2024,0.09126984126984126,6046392.0
2024-12-01,2024-12-31,Houston,Texas,4,449000.0,330000.0,175.45239968528716,182.4817518248175,61.0,47.0,72.0,316.0,5.2,48.0,0.978032843376614,0.0983606557377049,0.2553191489361701,"Houston, TX",26420,2024,0.061247216035634745,6046392.0
2021-08-01,2021-08-31,Houston,Texas,13,303750.0,324920.0,161.4165131317098,164.6143844859218,360.0,402.0,451.0,892.0,2.5,19.0,0.9817022043638236,0.1666666666666666,0.3532338308457711,"Houston, TX",26420,2021,0.08914128943758573,6046392.0
2024-04-01,2024-04-30,Houston,Texas,-1,363000.0,350000.0,186.49613325401543,190.13210804786868,2027.0,2442.0,3038.0,6876.0,3.4,28.0,0.9774827816842624,0.1889491859891465,0.3574938574938574,"Houston, TX",26420,2024,0.08034894398530762,6046392.0
2020-09-01,2020-09-30,Houston,Texas,13,265000.0,299000.0,146.6193547998506,158.27448110645474,282.0,323.0,392.0,1010.0,3.6,44.0,0.9726844943300424,0.0921985815602836,0.3034055727554179,"Houston, TX",26420,2020,0.09402515723270441,6046392.0
2023-02-01,2023-02-28,Houston,Texas,4,380000.0,334900.0,165.1606425702811,182.7586206896552,25.0,50.0,57.0,159.0,6.4,78.0,0.9515717682591718,0.12,0.2,"Houston, TX",26420,2023,0.07344298245614035,6046392.0
2023-12-01,2023-12-31,Houston,Texas,-1,327277.0,316870.0,184.25480769230768,179.9519522996912,1582.0,1506.0,1595.0,5953.0,3.8,42.0,0.972426388516774,0.1219974715549936,0.2450199203187251,"Houston, TX",26420,2023,0.0806834373736417,6046392.0
2022-06-01,2022-06-30,Houston,Texas,3,165000.0,359000.0,156.794425087108,180.60497241119575,305.0,278.0,358.0,674.0,2.2,27.0,0.9813684016894209,0.180327868852459,0.3776978417266186,"Houston, TX",26420,2022,0.18131313131313131,6046392.0
2022-08-01,2022-08-31,Houston,Texas,6,352093.0,325000.0,174.04255319148936,174.5929865313691,1567.0,1799.0,2014.0,4431.0,2.8,19.0,0.9847026623809004,0.2578174856413529,0.3557531962201223,"Houston, TX",26420,2022,0.07692096501019144,6046392.0
2023-11-01,2023-11-30,Houston,Texas,-1,325000.0,324999.5,177.4081774081774,182.24868126378067,1487.0,1615.0,2132.0,6266.0,4.2,32.0,0.9720673852837088,0.1526563550773369,0.2879256965944272,"Houston, TX",26420,2023,0.08333320512820513,6046392.0
2021-09-01,2021-09-30,Houston,Texas,-1,302564.0,315000.0,157.67775229357798,167.92994544932532,2424.0,2877.0,2828.0,6139.0,2.5,25.0,0.9825867331426682,0.2351485148514851,0.3507125477928397,"Houston, TX",26420,2021,0.08675850398593356,6046392.0
2024-04-01,2024-04-30,Houston,Texas,3,167800.0,350000.0,162.5,190.13210804786868,189.0,254.0,381.0,977.0,5.2,35.0,0.9579254306511082,0.1111111111111111,0.2834645669291338,"Houston, TX",26420,2024,0.1738180373460469,6046392.0
2021-08-01,2021-08-31,Houston,Texas,6,335000.0,324920.0,156.50741350906097,164.6143844859218,1929.0,2273.0,2237.0,4478.0,2.3,17.0,0.9901893119591204,0.3089683773976153,0.392872855257369,"Houston, TX",26420,2021,0.08082587064676616,6046392.0
2024-09-01,2024-09-30,Houston,Texas,6,365000.0,349999.0,181.8513119533528,182.5,1225.0,1478.0,1905.0,5369.0,4.4,41.0,0.9707337155154334,0.146938775510204,0.2821380243572395,"Houston, TX",26420,2024,0.07990844748858447,6046392.0
2022-11-01,2022-11-30,Houston,Texas,6,342000.0,325000.0,175.51020408163265,176.14571092831963,1120.0,1229.0,1373.0,4455.0,4.0,32.0,0.9730888128598032,0.1732142857142857,0.275020341741253,"Houston, TX",26420,2022,0.07919103313840156,6046392.0
2021-01-01,2021-01-31,Houston,Texas,3,123500.0,304350.0,117.78936984397234,162.87730301842416,172.0,272.0,365.0,1024.0,6.0,38.0,0.9513114908804308,0.0406976744186046,0.2389705882352941,"Houston, TX",26420,2021,0.20536437246963563,6046392.0
2024-02-01,2024-02-29,Houston,Texas,4,385000.0,345000.0,180.24344569288388,184.48671010517785,33.0,69.0,100.0,233.0,7.1,61.0,0.9414715781828646,0.1515151515151515,0.3333333333333333,"Houston, TX",26420,2024,0.07467532467532467,6046392.0
2020-10-01,2020-10-31,Houston,Texas,4,299000.0,295499.5,119.6808510638298,155.249343832021,21.0,38.0,36.0,114.0,5.4,37.0,0.953239300165496,0.1428571428571428,0.2368421052631578,"Houston, TX",26420,2020,0.08235772017837235,6046392.0
2021-07-01,2021-07-31,Houston,Texas,4,370000.0,319000.0,150.81360946745562,162.80108534780464,30.0,53.0,57.0,134.0,4.5,19.0,0.9657753452160418,0.2,0.2075471698113207,"Houston, TX",26420,2021,0.07184684684684685,6046392.0
2022-12-01,2022-12-31,Houston,Texas,4,430000.0,313850.0,187.7965867158672,172.78342689954948,23.0,37.0,38.0,161.0,7.0,37.0,0.97824674918994,0.1739130434782608,0.1081081081081081,"Houston, TX",26420,2022,0.06082364341085272,6046392.0
2020-01-01,2020-01-31,Houston,Texas,6,239100.0,285000.0,120.30075187969923,143.75752713841996,955.0,1678.0,2061.0,5537.0,5.8,61.0,0.9684994358831728,0.1120418848167539,0.2455303933253873,"Houston, TX",26420,2020,0.09933082392304475,6046392.0
2020-06-01,2020-06-30,Houston,Texas,13,293000.0,320000.0,151.90415062045358,160.81881735414345,261.0,374.0,400.0,1015.0,3.9,61.0,0.9690913568693966,0.0766283524904214,0.267379679144385,"Houston, TX",26420,2020,0.09101251422070535,6046392.0
2021-10-01,2021-10-31,Houston,Texas,4,331000.0,314900.0,152.65265265265265,167.20847747302528,31.0,41.0,50.0,137.0,4.4,14.0,0.9792792904185504,0.3225806451612903,0.1951219512195122,"Houston, TX",26420,2021,0.07927995971802618,6046392.0
2020-11-01,2020-11-30,Houston,Texas,3,133950.0,289000.0,125.88407805060903,155.15625,180.0,249.0,274.0,1065.0,5.9,45.0,0.957146289330683,0.0888888888888888,0.1967871485943775,"Houston, TX",26420,2020,0.17979345526937912,6046392.0
2022-11-01,2022-11-30,Houston,Texas,-1,318000.0,325000.0,171.0794127460794,176.14571092831963,1468.0,1622.0,1836.0,5863.0,4.0,33.0,0.9715375894672834,0.1525885558583106,0.2780517879161528,"Houston, TX",26420,2022,0.08516771488469602,6046392.0
2023-07-01,2023-07-31,Houston,Texas,13,333500.0,334999.0,174.07807968922967,183.37643282897756,198.0,259.0,319.0,563.0,2.8,19.0,0.980241367391614,0.1868686868686868,0.4517374517374517,"Houston, TX",26420,2023,0.08370789605197401,6046392.0
2024-06-01,2024-06-30,Houston,Texas,-1,348990.0,350000.0,183.62228178184813,189.50437317784252,1793.0,2070.0,2939.0,7441.0,4.2,32.0,0.9763637271757272,0.162297824874512,0.3328502415458937,"Houston, TX",26420,2024,0.08357450547771188,6046392.0
2021-06-01,2021-06-30,Houston,Texas,4,305000.0,330000.0,142.07149404216315,168.21463198153202,31.0,52.0,64.0,131.0,4.2,28.0,0.9554829051903694,0.2580645161290322,0.3076923076923077,"Houston, TX",26420,2021,0.09016393442622951,6046392.0
2023-09-01,2023-09-30,Houston,Texas,4,385000.0,336975.0,169.56521739130434,185.71742043037148,43.0,54.0,79.0,191.0,4.4,23.0,0.983287970361908,0.1162790697674418,0.2962962962962962,"Houston, TX",26420,2023,0.07293831168831169,6046392.0
2020-02-01,2020-02-29,Houston,Texas,4,275000.0,298000.0,128.23422605537905,153.17531305903398,27.0,35.0,39.0,124.0,4.6,37.0,0.9482704099661196,0.037037037037037,0.2571428571428571,"Houston, TX",26420,2020,0.0903030303030303,6046392.0
2021-08-01,2021-08-31,Houston,Texas,4,359250.0,324920.0,135.19065788817397,164.6143844859218,44.0,59.0,57.0,127.0,2.9,25.0,0.950262410765977,0.1136363636363636,0.2711864406779661,"Houston, TX",26420,2021,0.0753699837624681,6046392.0
2020-04-01,2020-04-30,Houston,Texas,3,134750.0,295000.0,139.0359477124183,147.8494623655914,106.0,108.0,183.0,998.0,9.4,50.0,0.9574639156153136,0.0660377358490566,0.2037037037037036,"Houston, TX",26420,2020,0.18243661100803957,6046392.0
2022-03-01,2022-03-31,Houston,Texas,-1,330000.0,350000.0,170.81376316538567,183.53969410050985,2825.0,3423.0,3154.0,4172.0,1.5,21.0,0.990043962488709,0.3026548672566371,0.4934268185801928,"Houston, TX",26420,2022,0.08838383838383838,6046392.0
2021-03-01,2021-03-31,Houston,Texas,-1,315500.0,330824.0,157.52507053533213,173.52941176470588,2676.0,3538.0,3215.0,5453.0,2.0,36.0,0.9790802419901248,0.1853512705530642,0.4019219898247597,"Houston, TX",26420,2021,0.08738087691494982,6046392.0
2024-06-01,2024-06-30,Houston,Texas,6,371300.0,350000.0,187.81857577679585,189.50437317784252,1370.0,1574.0,2182.0,5267.0,3.8,29.0,0.9790152387589378,0.1824817518248175,0.3500635324015247,"Houston, TX",26420,2024,0.07855283239069935,6046392.0
2024-03-01,2024-03-31,Houston,Texas,6,363000.0,350000.0,186.15626638699527,188.3482290632241,1367.0,1811.0,2133.0,4724.0,3.5,38.0,0.973610911436312,0.1865398683247988,0.3776918829376035,"Houston, TX",26420,2024,0.08034894398530762,6046392.0
2024-08-01,2024-08-31,Houston,Texas,6,350000.0,345000.0,184.9650079860495,183.21633452418743,1261.0,1499.0,2130.0,5299.0,4.2,35.0,0.9741325944827544,0.168913560666138,0.3055370246831221,"Houston, TX",26420,2024,0.08214285714285714,6046392.0
2024-03-01,2024-03-31,Houston,Texas,3,161000.0,350000.0,174.16548987411056,188.3482290632241,182.0,248.0,353.0,898.0,4.9,45.0,0.9510207745522558,0.0714285714285714,0.2620967741935483,"Houston, TX",26420,2024,0.18115942028985507,6046392.0
2024-11-01,2024-11-30,Houston,Texas,6,354795.0,344000.0,182.80016618196925,182.68497330282227,1086.0,1284.0,1587.0,5198.0,4.8,39.0,0.9728286131334904,0.156537753222836,0.2601246105919002,"Houston, TX",26420,2024,0.08079783161168186,6046392.0
2020-08-01,2020-08-31,Houston,Texas,4,257000.0,299900.0,98.37962962962963,153.77487546621944,17.0,32.0,38.0,115.0,6.8,77.0,0.9496584526083512,0.1764705882352941,0.375,"Houston, TX",26420,2020,0.09724383916990921,6046392.0
2020-11-01,2020-11-30,Houston,Texas,13,295000.0,289000.0,161.22278056951424,155.15625,255.0,291.0,304.0,996.0,3.9,32.0,0.9727705859942292,0.0941176470588235,0.281786941580756,"Houston, TX",26420,2020,0.08163841807909604,6046392.0
2024-07-01,2024-07-31,Houston,Texas,-1,353000.0,340000.0,183.7324525185797,181.52328334648777,1749.0,1733.0,2231.0,7306.0,4.2,32.0,0.976000170720331,0.1612349914236706,0.2596653202538949,"Houston, TX",26420,2024,0.08026440037771483,6046392.0
2024-12-01,2024-12-31,Houston,Texas,6,365800.0,330000.0,189.42680173655475,182.4817518248175,1180.0,1064.0,1282.0,4628.0,3.9,49.0,0.9710062954943702,0.1313559322033898,0.263157894736842,"Houston, TX",26420,2024,0.07517769272826681,6046392.0
2023-11-01,2023-11-30,Houston,Texas,13,306000.0,324999.5,177.4081774081774,182.24868126378067,161.0,182.0,242.0,643.0,4.0,29.0,0.9726655049671976,0.0993788819875776,0.2307692307692307,"Houston, TX",26420,2023,0.08850748910675381,6046392.0
2024-01-01,2024-01-31,Houston,Texas,3,149500.0,339999.5,157.0921985815603,187.6019575856444,128.0,210.0,328.0,836.0,6.5,63.0,0.9526049852282332,0.0546875,0.2619047619047619,"Houston, TX",26420,2024,0.18952034559643255,6046392.0
2021-09-01,2021-09-30,Houston,Texas,3,156500.0,315000.0,150.50709939148072,167.92994544932532,252.0,306.0,324.0,879.0,3.5,43.0,0.9657396310772693,0.1031746031746031,0.2647058823529411,"Houston, TX",26420,2021,0.16773162939297126,6046392.0
2021-10-01,2021-10-31,Houston,Texas,3,156000.0,314900.0,144.507237671567,167.20847747302528,226.0,295.0,338.0,880.0,3.9,42.0,0.9682657622961988,0.1371681415929203,0.2847457627118644,"Houston, TX",26420,2021,0.16821581196581198,6046392.0
2020-09-01,2020-09-30,Houston,Texas,6,295000.0,299000.0,140.4358353510896,158.27448110645474,1741.0,2064.0,2031.0,5113.0,2.9,35.0,0.9771957901666704,0.1458931648477886,0.3464147286821705,"Houston, TX",26420,2020,0.08446327683615819,6046392.0
2021-01-01,2021-01-31,Houston,Texas,4,311500.0,304350.0,144.907508934678,162.87730301842416,18.0,40.0,51.0,114.0,6.3,25.0,0.9449193311639584,0.0555555555555555,0.325,"Houston, TX",26420,2021,0.08142054574638845,6046392.0
2020-07-01,2020-07-31,Houston,Texas,-1,293879.5,315000.0,142.52917300862504,160.17316017316017,2656.0,2915.0,3186.0,7635.0,2.9,44.0,0.972924748810834,0.1408132530120482,0.3365351629502573,"Houston, TX",26420,2020,0.08932232428597435,6046392.0
2021-02-01,2021-02-28,Houston,Texas,13,299000.0,315000.0,149.34477708904043,168.215675027646,202.0,330.0,316.0,863.0,4.3,42.0,0.9688927394405404,0.1237623762376237,0.2757575757575757,"Houston, TX",26420,2021,0.08779264214046822,6046392.0
2022-02-01,2022-02-28,Houston,Texas,4,380000.0,330000.0,147.91666666666666,178.94839788681844,33.0,53.0,53.0,111.0,3.4,48.0,0.9585452039728308,0.1818181818181818,0.4528301886792452,"Houston, TX",26420,2022,0.07236842105263158,6046392.0
2023-07-01,2023-07-31,Houston,Texas,4,380000.0,334999.0,175.99660729431722,183.37643282897756,36.0,55.0,61.0,173.0,4.8,38.0,0.9816155006426784,0.1944444444444444,0.2727272727272727,"Houston, TX",26420,2023,0.07346469298245614,6046392.0
2023-04-01,2023-04-30,Houston,Texas,4,380000.0,359000.0,169.7792869269949,186.26639397480847,25.0,60.0,78.0,182.0,7.3,41.0,0.9743213100450098,0.12,0.3499999999999999,"Houston, TX",26420,2023,0.07872807017543859,6046392.0
2024-02-01,2024-02-29,Houston,Texas,13,318500.0,345000.0,168.1086459033516,184.48671010517785,152.0,227.0,280.0,673.0,4.4,42.0,0.971053605934906,0.1381578947368421,0.3392070484581498,"Houston, TX",26420,2024,0.09026687598116169,6046392.0
2023-12-01,2023-12-31,Houston,Texas,3,155500.0,316870.0,154.1964183186663,179.9519522996912,154.0,148.0,187.0,808.0,5.2,60.0,0.9518785757465344,0.0389610389610389,0.1756756756756756,"Houston, TX",26420,2023,0.16981243301178992,6046392.0
2021-04-01,2021-04-30,Houston,Texas,3,145500.0,345000.0,143.01358841408904,175.45787545787545,288.0,350.0,397.0,1011.0,3.5,51.0,0.964296894335065,0.0694444444444444,0.2742857142857143,"Houston, TX",26420,2021,0.19759450171821305,6046392.0
2021-06-01,2021-06-30,Houston,Texas,6,350000.0,330000.0,168.81028938906752,168.21463198153202,2268.0,2389.0,2801.0,4074.0,1.8,13.0,0.996178217494986,0.349647266313933,0.5060694851402259,"Houston, TX",26420,2021,0.07857142857142857,6046392.0
2023-11-01,2023-11-30,Houston,Texas,4,385000.0,324999.5,153.64302673452062,182.24868126378067,30.0,37.0,80.0,220.0,7.3,24.0,0.962144287270625,0.0333333333333333,0.2702702702702702,"Houston, TX",26420,2023,0.07034621212121211,6046392.0
2022-09-01,2022-09-30,Houston,Texas,3,162500.0,335000.0,152.31131880828588,177.28801681850035,214.0,225.0,279.0,709.0,3.3,32.0,0.9656043279875264,0.1355140186915887,0.3555555555555555,"Houston, TX",26420,2022,0.1717948717948718,6046392.0
2020-09-01,2020-09-30,Houston,Texas,3,133000.0,299000.0,135.21400778210116,158.27448110645474,183.0,235.0,321.0,1071.0,5.9,55.0,0.9559891029430851,0.0928961748633879,0.2723404255319149,"Houston, TX",26420,2020,0.18734335839598998,6046392.0
2020-11-01,2020-11-30,Houston,Texas,-1,290000.0,289000.0,146.25353698389924,155.15625,2023.0,2356.0,2268.0,6857.0,3.4,35.0,0.9759200233590232,0.1626297577854671,0.3128183361629881,"Houston, TX",26420,2020,0.08304597701149426,6046392.0
2020-07-01,2020-07-31,Houston,Texas,4,275000.0,315000.0,131.2504566987511,160.17316017316017,18.0,39.0,33.0,116.0,6.4,46.0,0.9408916719847656,0.0555555555555555,0.3076923076923077,"Houston, TX",26420,2020,0.09545454545454546,6046392.0
2020-05-01,2020-05-31,Houston,Texas,13,287000.0,312500.0,146.52538902538902,158.9879518072289,173.0,320.0,356.0,1041.0,6.0,62.0,0.9687333909210935,0.0346820809248554,0.215625,"Houston, TX",26420,2020,0.09073751451800233,6046392.0
2021-11-01,2021-11-30,Houston,Texas,6,334900.0,315000.0,165.0846058605035,169.40179989412388,1745.0,2043.0,1710.0,3762.0,2.2,28.0,0.9851365279811692,0.2469914040114613,0.3754282917278511,"Houston, TX",26420,2021,0.07838160644968648,6046392.0
2021-05-01,2021-05-31,Houston,Texas,4,365000.0,329000.0,171.53457280625867,169.01408450704224,35.0,48.0,75.0,124.0,3.5,24.0,0.9790060683722084,0.2571428571428571,0.4791666666666666,"Houston, TX",26420,2021,0.07511415525114155,6046392.0
2020-01-01,2020-01-31,Houston,Texas,4,257500.0,285000.0,114.56363372913664,143.75752713841996,16.0,37.0,47.0,120.0,7.5,73.0,0.9255797049101444,0.0,0.2702702702702702,"Houston, TX",26420,2020,0.09223300970873786,6046392.0
2021-08-01,2021-08-31,Houston,Texas,-1,312000.0,324920.0,156.03699006312246,164.6143844859218,2656.0,3097.0,3076.0,6415.0,2.4,20.0,0.9850823551194382,0.2612951807228915,0.3677752663868259,"Houston, TX",26420,2021,0.08678418803418804,6046392.0
2020-04-01,2020-04-30,Houston,Texas,6,280000.0,295000.0,133.20120800302,147.8494623655914,1218.0,1392.0,1732.0,6001.0,4.9,37.0,0.9738677792339328,0.1477832512315271,0.2650862068965517,"Houston, TX",26420,2020,0.08779761904761904,6046392.0
2023-03-01,2023-03-31,Houston,Texas,13,304000.0,347900.0,163.1637168141593,189.46951558683404,231.0,285.0,331.0,494.0,2.1,24.0,0.977562287203898,0.1774891774891775,0.4456140350877193,"Houston, TX",26420,2023,0.09536732456140351,6046392.0
2020-06-01,2020-06-30,Houston,Texas,-1,279000.0,320000.0,136.73413850300642,160.81881735414345,2172.0,3085.0,3021.0,7704.0,3.5,50.0,0.9706718797941412,0.1215469613259668,0.3069692058346839,"Houston, TX",26420,2020,0.0955794504181601,6046392.0
2021-07-01,2021-07-31,Houston,Texas,13,300000.0,319000.0,158.85947046843177,162.80108534780464,375.0,410.0,460.0,861.0,2.3,24.0,0.9845053423167228,0.2293333333333333,0.4146341463414633,"Houston, TX",26420,2021,0.08861111111111111,6046392.0
2021-03-01,2021-03-31,Houston,Texas,4,302530.0,330824.0,114.89427860696516,173.52941176470588,25.0,50.0,49.0,112.0,4.5,15.0,0.9492693979761994,0.12,0.4799999999999999,"Houston, TX",26420,2021,0.09112705076080609,6046392.0
2024-10-01,2024-10-31,Houston,Texas,3,184000.0,340000.0,170.2127659574468,188.04042672655808,165.0,200.0,333.0,1159.0,7.0,55.0,0.953405392014352,0.0606060606060606,0.1749999999999999,"Houston, TX",26420,2024,0.1539855072463768,6046392.0
2023-06-01,2023-06-30,Houston,Texas,13,320000.0,349000.0,173.44050941393812,183.784698655306,230.0,256.0,294.0,522.0,2.3,21.0,0.9815019354612172,0.208695652173913,0.42578125,"Houston, TX",26420,2023,0.09088541666666666,6046392.0
2024-05-01,2024-05-31,Houston,Texas,6,385000.0,349992.5,192.52865863677152,187.36365810898448,1593.0,1682.0,2200.0,5091.0,3.2,29.0,0.9798748819730908,0.2008788449466415,0.3656361474435196,"Houston, TX",26420,2024,0.07575595238095238,6046392.0
2021-04-01,2021-04-30,Houston,Texas,13,310000.0,345000.0,165.09136735979837,175.45787545787545,387.0,502.0,471.0,799.0,2.1,43.0,0.9781596251145984,0.1421188630490956,0.346613545816733,"Houston, TX",26420,2021,0.09274193548387097,6046392.0
2024-12-01,2024-12-31,Houston,Texas,13,345000.0,330000.0,172.99653467745844,182.4817518248175,162.0,145.0,186.0,730.0,4.5,45.0,0.9669097396103832,0.0864197530864197,0.193103448275862,"Houston, TX",26420,2024,0.07971014492753623,6046392.0
2023-02-01,2023-02-28,Houston,Texas,13,275000.0,334900.0,160.85790884718497,182.7586206896552,169.0,255.0,243.0,469.0,2.8,31.0,0.9675490501409502,0.0887573964497041,0.388235294117647,"Houston, TX",26420,2023,0.10148484848484848,6046392.0
2022-04-01,2022-04-30,Houston,Texas,-1,345000.0,359900.0,180.30050083472452,183.96591789310608,2654.0,3254.0,3351.0,4453.0,1.7,16.0,0.9974466372036818,0.3726450640542577,0.5122925629993854,"Houston, TX",26420,2022,0.08693236714975845,6046392.0
2022-12-01,2022-12-31,Houston,Texas,13,263250.0,313850.0,154.68994879064056,172.78342689954948,176.0,167.0,145.0,501.0,2.8,35.0,0.9794597290858686,0.159090909090909,0.1976047904191616,"Houston, TX",26420,2022,0.09935106046217157,6046392.0
2023-10-01,2023-10-31,Houston,Texas,6,345000.0,338770.0,178.98305084745763,185.749670342628,1159.0,1339.0,1793.0,4639.0,4.0,32.0,0.9750463995406802,0.174288179465056,0.3420463032113517,"Houston, TX",26420,2023,0.08182850241545894,6046392.0
2023-04-01,2023-04-30,Houston,Texas,6,362040.0,359000.0,180.83182640144665,186.26639397480847,1429.0,1900.0,1962.0,3942.0,2.8,29.0,0.9825864476647224,0.2337298810356892,0.4068421052631578,"Houston, TX",26420,2023,0.08263359481456929,6046392.0
2021-09-01,2021-09-30,Houston,Texas,4,350000.0,315000.0,155.52879791290388,167.92994544932532,41.0,49.0,56.0,132.0,3.2,19.0,0.962984479616636,0.1463414634146341,0.5306122448979592,"Houston, TX",26420,2021,0.075,6046392.0
2020-03-01,2020-03-31,Houston,Texas,13,275000.0,299900.0,147.72232177140663,152.98507462686567,264.0,273.0,411.0,1135.0,4.3,57.0,0.967536468784816,0.0909090909090909,0.2637362637362637,"Houston, TX",26420,2020,0.09087878787878788,6046392.0
2020-10-01,2020-10-31,Houston,Texas,13,250000.0,295499.5,138.23529411764707,155.249343832021,283.0,338.0,421.0,1021.0,3.6,40.0,0.9742968414035243,0.1130742049469964,0.3727810650887574,"Houston, TX",26420,2020,0.09849983333333333,6046392.0
2021-08-01,2021-08-31,Houston,Texas,3,146900.0,324920.0,150.05359056806003,164.6143844859218,323.0,363.0,331.0,918.0,2.8,36.0,0.9630935380291276,0.1021671826625387,0.2424242424242424,"Houston, TX",26420,2021,0.18432039936464714,6046392.0
2024-08-01,2024-08-31,Houston,Texas,4,460000.0,345000.0,174.06440382941688,183.21633452418743,40.0,39.0,104.0,355.0,8.9,58.0,0.9729126098811504,0.1749999999999999,0.1538461538461538,"Houston, TX",26420,2024,0.0625,6046392.0
2023-06-01,2023-06-30,Houston,Texas,3,160000.0,349000.0,162.7598304260964,183.784698655306,280.0,284.0,331.0,684.0,2.4,28.0,0.965192005858977,0.1107142857142857,0.3556338028169014,"Houston, TX",26420,2023,0.18177083333333333,6046392.0
2022-03-01,2022-03-31,Houston,Texas,4,362500.0,350000.0,150.0,183.53969410050985,38.0,46.0,50.0,108.0,2.8,27.0,0.9804912154768504,0.2105263157894736,0.2826086956521738,"Houston, TX",26420,2022,0.08045977011494253,6046392.0
2022-03-01,2022-03-31,Houston,Texas,6,355550.0,350000.0,173.9364566505116,183.53969410050985,2063.0,2495.0,2312.0,2927.0,1.4,19.0,0.9941988239529738,0.3373727581192438,0.5274549098196392,"Houston, TX",26420,2022,0.08203253175830873,6046392.0
2024-02-01,2024-02-29,Houston,Texas,3,158800.0,345000.0,150.51395007342143,184.48671010517785,143.0,219.0,300.0,860.0,6.0,37.0,0.958328852206564,0.0839160839160839,0.228310502283105,"Houston, TX",26420,2024,0.18104534005037784,6046392.0
2022-07-01,2022-07-31,Houston,Texas,13,299000.0,339900.0,168.98084703967058,176.91702713330713,263.0,303.0,367.0,647.0,2.5,18.0,0.9911836369556568,0.2585551330798479,0.4191419141914191,"Houston, TX",26420,2022,0.09473244147157191,6046392.0
2021-07-01,2021-07-31,Houston,Texas,-1,311000.0,319000.0,160.15795206971677,162.80108534780464,2712.0,3035.0,3616.0,6506.0,2.4,19.0,0.9903185751241584,0.2979351032448377,0.429324546952224,"Houston, TX",26420,2021,0.08547695605573419,6046392.0
2023-09-01,2023-09-30,Houston,Texas,13,316202.5,336975.0,168.6551371026178,185.71742043037148,202.0,230.0,269.0,619.0,3.1,23.0,0.969671289710486,0.1237623762376237,0.3217391304347825,"Houston, TX",26420,2023,0.08880780512488042,6046392.0
2023-07-01,2023-07-31,Houston,Texas,3,159950.0,334999.0,164.4294646672364,183.37643282897756,218.0,264.0,298.0,693.0,3.2,27.0,0.9665398549827267,0.1192660550458715,0.3257575757575757,"Houston, TX",26420,2023,0.17453318745441285,6046392.0
2020-06-01,2020-06-30,Houston,Texas,4,245000.0,320000.0,129.36011877485933,160.81881735414345,18.0,30.0,32.0,120.0,6.7,51.0,0.9751653641354868,0.2777777777777777,0.2333333333333333,"Houston, TX",26420,2020,0.10884353741496598,6046392.0
2023-06-01,2023-06-30,Houston,Texas,6,373750.5,349000.0,185.7533539731682,183.784698655306,1696.0,1778.0,2195.0,4173.0,2.5,22.0,0.9825881231777172,0.2494103773584905,0.4246344206974128,"Houston, TX",26420,2023,0.07781483458439074,6046392.0
2021-02-01,2021-02-28,Houston,Texas,-1,295000.0,315000.0,145.9470243815701,168.215675027646,1600.0,2505.0,2291.0,5725.0,3.6,43.0,0.9736639944187911,0.1474999999999999,0.3592814371257485,"Houston, TX",26420,2021,0.08898305084745763,6046392.0
2022-08-01,2022-08-31,Houston,Texas,4,403250.0,325000.0,166.1036036036036,174.5929865313691,40.0,48.0,74.0,160.0,4.0,16.0,0.970703772431838,0.125,0.3125,"Houston, TX",26420,2022,0.06716263690845216,6046392.0
2023-05-01,2023-05-31,Houston,Texas,4,382495.0,340000.0,165.0,186.18739635157544,46.0,58.0,60.0,185.0,4.0,28.0,0.9711795800473436,0.1739130434782608,0.4137931034482758,"Houston, TX",26420,2023,0.07407504237528159,6046392.0
2021-05-01,2021-05-31,Houston,Texas,6,355000.0,329000.0,168.9419795221843,169.01408450704224,2041.0,2458.0,2515.0,3738.0,1.8,17.0,0.9927126425749428,0.3130818226359627,0.5203417412530512,"Houston, TX",26420,2021,0.0772300469483568,6046392.0
2022-04-01,2022-04-30,Houston,Texas,6,372000.0,359900.0,184.8006023108329,183.96591789310608,1939.0,2341.0,2465.0,3192.0,1.6,14.0,1.0012144593582106,0.410520887055183,0.5365228534814181,"Houston, TX",26420,2022,0.08062275985663082,6046392.0
2021-03-01,2021-03-31,Houston,Texas,6,340000.0,330824.0,158.02229762481824,173.52941176470588,2021.0,2623.0,2305.0,3481.0,1.7,32.0,0.9816263368298248,0.2162295893122216,0.4380480365993137,"Houston, TX",26420,2021,0.0810843137254902,6046392.0
